"","id","name","county","a1011","a1112","a1213","a1314","a1415","a1516","a1617","a1718","cl1011","cl1112","cl1213","cl1314","cl1415","cl1516","cl1617","cl1718","e1011","e1112","e1213","e1314","e1415","e1516","e1617","e1718","h1011","h1112","h1213","h1314","h1415","h1516","h1617","h1718","r10","r11","r12","r13","r14","r15","r16","r17","r18","r19","r20","r21","r22","r23","ct"
"1","E06000001","Hartlepool",NA,354,328,337,345,335,325,319,315,133,107,91,89,79,61,73,74,127,116,108,107,99,96,102,96,74,68,56,53,49,44,36,32,10,11,4,6,5,5,5,5,4,4,4,4,4,4,-212
"2","E06000002","Middlesbrough",NA,380,353,337,317,296,279,316,314,134,105,102,87,70,47,37,36,132,111,93,92,85,87,81,81,84,65,65,76,48,56,32,41,6,5,5,6,6,15,12,14,15,16,17,17,18,19,-160
"3","E06000003","Redcar and Cleveland",NA,434,382,349,329,311,316,315,303,73,58,64,59,59,44,41,37,121,97,93,95,94,89,83,82,30,30,31,29,34,23,22,18,6,6,7,6,6,6,6,5,5,5,4,4,4,3,-143
"4","E06000004","Stockton-on-Tees",NA,296,288,266,268,247,237,277,260,72,69,61,48,41,43,38,38,72,74,56,73,61,74,71,64,46,32,29,27,35,23,23,18,15,10,11,11,9,7,10,8,8,7,6,5,4,3,-17
"5","E06000005","Darlington",NA,319,290,281,290,300,302,313,271,82,66,59,53,51,48,42,43,84,79,69,71,64,71,71,63,49,48,48,41,34,27,20,19,15,11,15,18,21,24,21,17,21,24,28,31,34,38,-17
"6","E06000006","Halton",NA,348,337,310,299,309,297,298,305,100,103,104,100,99,96,77,78,130,114,105,101,98,92,85,84,52,34,34,21,29,26,18,15,7,7,8,8,9,9,5,5,5,5,5,6,6,6,-89
"7","E06000007","Warrington",NA,298,299,275,264,282,277,269,280,48,51,35,53,46,45,44,44,77,73,70,65,64,65,56,57,49,45,47,37,32,26,26,23,5,17,1,1,2,2,1,1,1,1,1,1,1,1,-20
"8","E06000008","Blackburn with Darwen",NA,307,291,287,277,284,288,293,307,110,90,93,85,83,70,59,46,115,99,90,88,87,85,85,69,80,61,63,70,66,59,40,25,4,7,6,8,13,7,5,6,6,6,6,6,6,5,-166
"9","E06000009","Blackpool",NA,333,348,331,317,310,331,320,311,100,84,80,79,81,95,99,65,184,174,142,163,149,155,141,133,75,62,45,45,42,32,42,24,6,6,6,6,6,6,6,3,4,5,6,7,8,8,-252
"10","E06000010","Kingston upon Hull",NA,304,331,306,304,336,284,274,281,95,85,84,90,75,66,66,69,126,113,129,128,119,109,107,110,99,73,63,55,26,36,47,49,7,9,8,8,8,8,8,8,8,8,8,8,8,8,-123
"11","E06000011","East Riding of Yorkshire",NA,249,224,220,219,233,245,248,255,54,55,51,48,53,52,46,46,110,122,107,101,103,101,97,95,26,23,22,16,14,11,10,8,25,31,25,24,25,15,18,15,15,16,16,16,17,17,-72
"12","E06000012","North East Lincolnshire",NA,340,324,301,290,293,257,264,276,53,66,66,56,55,44,42,39,133,98,96,101,95,70,83,79,68,56,53,53,44,46,37,35,9,9,9,10,10,10,8,8,8,8,8,8,8,8,-111
"13","E06000013","North Lincolnshire",NA,201,253,230,222,228,225,225,227,65,66,71,66,57,64,58,63,124,112,120,108,114,103,111,106,95,36,28,30,25,22,18,6,7,7,7,7,7,7,7,7,7,7,7,7,7,7,-129
"14","E06000014","York",NA,264,270,264,255,255,243,248,253,50,49,40,41,39,35,27,24,94,90,85,74,74,72,73,74,49,47,38,42,39,33,31,25,15,7,6,6,11,8,8,7,8,9,9,10,11,11,-12
"15","E06000015","Derby City",NA,270,311,288,282,280,291,301,295,101,61,60,43,40,35,34,40,111,85,84,80,76,69,62,63,86,69,57,31,29,32,27,22,0,7,7,7,7,7,7,9,11,13,15,17,20,22,-40
"16","E06000016","Leicester City",NA,318,334,315,302,311,288,308,279,106,99,74,70,72,72,53,54,72,71,76,68,73,58,65,73,80,66,56,40,37,40,30,28,11,12,24,24,26,15,15,15,15,15,15,15,15,15,-63
"17","E06000017","Rutland",NA,232,257,268,270,275,286,285,273,49,34,35,34,32,25,29,29,115,105,106,107,103,117,115,118,46,9,13,12,9,6,13,11,2,7,7,8,8,10,10,10,9,8,8,7,6,6,-51
"18","E06000018","City of Nottingham",NA,329,318,315,290,297,290,288,319,87,88,85,71,69,60,51,49,120,91,80,114,94,108,107,97,129,104,76,65,62,66,53,49,7,9,12,12,12,20,11,8,10,11,12,13,14,16,-85
"19","E06000019","Herefordshire",NA,337,339,344,316,291,291,296,305,62,51,48,37,39,27,25,11,119,116,120,106,99,88,88,91,58,40,33,48,19,8,14,7,5,5,6,5,5,7,7,7,3,-2,-6,-10,-15,-19,-54
"20","E06000020","Telford and the Wrekin",NA,270,306,281,276,266,257,261,267,78,63,51,57,61,63,65,56,100,110,104,102,99,97,88,88,52,45,41,35,26,25,21,18,5,3,6,3,3,4,4,5,5,5,5,5,5,6,-126
"21","E06000021","Stoke-on-Trent",NA,323,306,309,289,285,287,325,333,81,51,70,60,55,54,57,39,124,102,101,97,97,102,95,92,56,49,44,44,35,28,22,22,5,6,7,8,12,9,9,9,9,9,9,9,9,9,-185
"22","E06000022","Bath and North East Somerset",NA,331,324,309,308,310,337,331,340,43,30,32,19,17,18,11,-14,114,102,98,101,103,109,106,101,50,50,47,53,37,28,27,11,15,13,16,10,10,9,9,13,12,12,12,12,12,12,-85
"23","E06000023","Bristol",NA,351,361,347,322,374,341,346,343,89,85,85,75,75,60,61,62,127,105,86,58,87,44,81,88,100,91,80,65,50,70,55,60,9,10,10,8,67,79,20,20,20,20,20,20,20,20,-102
"24","E06000024","North Somerset",NA,305,324,306,287,309,308,314,299,57,46,38,31,38,40,33,26,80,94,99,81,82,70,82,82,51,51,50,54,49,42,40,36,6,8,8,9,10,8,8,8,9,10,11,12,12,13,-47
"25","E06000025","South Gloucestershire",NA,290,328,310,302,300,293,284,312,38,36,29,30,29,26,26,21,108,114,108,112,106,101,93,97,34,33,28,25,25,23,19,18,9,9,9,9,9,9,7,9,9,9,9,9,9,9,-39
"26","E06000026","Plymouth",NA,323,310,310,293,302,278,282,280,74,64,49,30,33,33,43,37,108,83,87,85,76,70,57,97,66,56,54,49,24,21,23,22,12,11,11,11,30,30,30,24,24,24,24,24,24,24,-77
"27","E06000027","Torbay",NA,395,358,345,322,318,325,300,280,86,78,68,62,58,48,43,35,127,113,116,120,109,96,91,95,105,76,65,55,48,29,28,26,4,9,8,4,4,4,4,5,5,5,5,5,5,5,-141
"28","E06000028","Bournemouth",NA,345,324,309,290,285,297,313,304,69,59,66,71,63,51,56,41,95,97,92,91,93,85,87,72,92,68,71,76,65,35,51,38,18,20,21,22,15,10,10,8,8,8,9,9,9,9,-96
"29","E06000029","Poole",NA,294,297,286,285,270,289,282,281,65,59,57,56,57,52,48,46,106,103,89,90,84,81,72,68,56,28,28,32,26,23,25,19,8,7,6,6,6,6,6,6,6,6,6,6,6,6,-76
"30","E06000030","Swindon",NA,265,276,291,271,273,270,282,299,78,69,64,60,69,59,46,33,102,97,88,71,76,75,85,71,50,48,43,45,29,29,24,22,6,6,6,6,6,6,6,6,6,6,6,6,6,6,4
"31","E06000031","Peterborough",NA,288,293,310,282,268,242,237,242,63,45,43,41,30,26,22,25,67,63,64,62,67,62,48,54,44,21,23,18,25,26,19,25,4,6,6,6,6,6,6,6,6,6,6,6,6,6,-49
"32","E06000032","Luton",NA,289,289,259,240,252,264,237,273,38,43,43,29,24,24,26,30,107,96,88,89,89,82,77,79,46,30,24,37,32,41,42,50,7,7,8,8,10,12,14,14,14,14,14,14,14,14,-69
"33","E06000033","Southend-on-Sea",NA,307,298,282,231,255,247,246,217,75,66,67,65,63,61,57,51,97,93,95,91,88,79,77,77,65,60,47,46,50,47,41,40,11,12,11,12,11,11,11,11,11,11,11,11,11,11,-69
"34","E06000034","Thurrock",NA,253,253,255,242,256,213,234,221,47,39,44,34,35,25,21,25,110,105,105,120,113,100,92,91,35,27,31,47,33,11,9,10,2,5,8,8,8,8,8,8,11,14,17,20,23,26,-52
"35","E06000035","The Medway Towns",NA,284,279,261,256,253,246,236,234,71,66,63,59,58,55,48,52,102,86,91,97,98,96,90,90,55,40,23,35,39,30,28,35,9,8,7,7,11,8,8,5,5,5,5,5,5,6,-37
"36","E06000036","Bracknell Forest",NA,232,293,278,281,284,293,279,275,75,69,64,65,61,58,55,55,110,104,96,88,86,89,82,82,36,25,38,38,32,32,26,27,9,10,10,13,10,11,13,11,9,7,5,3,1,-1,-14
"37","E06000037","West Berkshire",NA,292,304,282,262,271,286,270,273,54,49,42,36,38,38,37,30,154,153,140,135,135,142,132,131,57,55,44,34,36,36,24,14,7,9,8,8,8,8,6,6,6,6,6,5,5,5,13
"38","E06000038","Reading",NA,348,361,331,308,291,283,290,NA,74,52,47,52,49,47,43,NA,111,110,103,94,99,93,94,NA,19,44,37,46,34,45,35,NA,7,6,0,0,0,0,13,NA,NA,NA,NA,NA,NA,NA,39
"39","E06000039","Slough",NA,283,290,263,261,274,258,257,251,45,41,37,38,39,32,33,37,114,104,100,92,94,96,106,103,89,73,41,66,50,31,21,38,5,6,8,8,8,8,8,8,8,8,8,8,8,8,-47
"40","E06000040","Windsor and Maidenhead",NA,254,262,254,254,262,277,248,248,43,37,33,29,24,23,19,16,116,114,104,111,121,107,101,84,38,26,29,28,18,17,29,33,5,4,4,6,5,5,5,5,7,9,11,12,14,16,-151
"41","E06000041","Wokingham",NA,295,314,326,314,300,299,284,289,34,30,26,30,17,20,22,15,102,102,81,85,91,92,85,82,20,11,4,3,12,11,10,9,9,9,9,10,11,11,0,10,9,8,7,6,5,5,56
"42","E06000042","Milton Keynes",NA,236,236,227,239,253,251,227,226,56,49,41,44,34,42,28,29,115,103,101,97,90,87,97,120,62,57,57,44,12,39,37,44,7,7,11,10,10,9,7,7,7,7,7,8,8,8,-50
"43","E06000043","Brighton and Hove",NA,354,325,313,313,305,293,292,297,103,86,80,70,66,57,53,46,130,105,96,91,89,83,76,74,102,95,88,83,76,66,60,77,13,16,17,17,14,9,13,11,11,10,10,10,9,9,-24
"44","E06000044","Portsmouth",NA,280,277,271,254,245,239,236,241,85,91,71,68,69,58,47,36,135,111,102,87,87,80,68,70,65,69,72,50,41,27,16,17,25,20,24,24,21,11,13,16,17,19,20,22,23,25,-90
"45","E06000045","Southampton",NA,302,295,285,275,292,278,269,262,80,66,69,63,52,54,46,33,95,99,86,81,76,71,63,64,73,53,61,55,49,45,39,35,20,17,24,30,53,20,13,11,11,11,11,11,11,11,-27
"46","E06000046","Isle of Wight",NA,401,326,344,341,359,388,377,380,70,58,46,45,34,29,22,22,103,102,101,112,121,121,91,93,75,59,57,49,48,42,34,35,7,8,9,9,9,8,7,12,8,4,1,-3,-7,-10,-23
"47","E06000047","Durham",NA,365,321,306,273,263,263,269,258,82,73,70,65,62,59,56,50,120,115,111,97,93,98,90,87,51,53,56,48,40,35,32,29,27,17,22,24,28,29,29,23,24,26,27,29,30,32,-152
"48","E06000049","Cheshire East",NA,267,330,304,273,278,275,325,308,60,66,56,56,50,43,48,44,100,100,85,83,84,80,74,81,33,7,9,27,24,33,20,18,10,13,11,19,20,15,13,10,10,10,10,10,10,10,-12
"49","E06000050","Cheshire West and Chester",NA,308,300,274,273,262,264,273,282,60,54,47,47,49,44,40,41,130,128,105,99,87,83,82,79,56,51,57,42,38,32,18,27,19,25,21,23,21,22,23,25,24,24,23,23,22,21,-87
"50","E06000051","Shropshire",NA,262,246,258,266,239,263,272,302,57,53,57,54,34,31,29,27,118,109,122,96,114,97,83,79,28,34,18,22,13,13,9,13,2,6,10,7,15,15,18,26,26,27,28,28,29,30,-90
"51","E06000052","Cornwall",NA,292,278,306,294,267,273,289,311,57,53,52,46,43,36,36,33,140,138,117,108,101,99,108,124,62,55,39,71,36,19,35,37,15,34,45,55,54,49,50,42,36,31,25,19,14,8,-26
"52","E06000054","Wiltshire",NA,277,291,294,299,301,308,296,323,50,50,39,34,46,40,36,34,100,103,114,99,108,99,90,88,33,29,17,24,27,22,20,22,14,14,14,13,12,12,12,13,13,13,14,14,15,15,-43
"53","E06000055","Bedford",NA,306,341,322,306,302,308,324,327,84,75,63,61,46,42,38,31,121,108,97,89,78,85,82,71,65,46,47,48,37,31,29,25,7,8,8,8,8,10,12,12,14,16,18,19,21,23,-99
"54","E06000056","Central Bedfordshire",NA,258,276,288,260,215,312,293,285,45,27,25,19,19,25,16,12,91,98,96,82,86,83,78,78,24,22,19,13,16,24,25,24,5,7,11,14,9,32,22,25,25,25,25,25,25,25,-73
"55","E06000057","Northumberland",NA,321,331,316,297,268,272,247,261,66,62,70,72,57,53,38,39,110,104,133,125,124,119,98,97,6,15,18,17,29,16,9,3,28,28,22,30,28,29,37,37,40,42,45,47,49,52,-36
"56","E07000004","Aylesbury Vale","Buckinghamshire",235,258,241,245,257,270,252,250,18,23,21,18,17,14,12,10,53,49,46,37,37,33,35,35,25,18,18,18,16,13,11,17,19,26,36,40,31,17,17,25,7,-10,-28,-45,-63,-80,6
"57","E07000005","Chiltern","Buckinghamshire",235,258,241,245,257,270,252,250,18,23,21,18,17,14,12,10,55,57,54,38,37,35,38,36,18,16,16,15,17,12,7,-7,19,26,36,40,31,17,17,25,7,-10,-28,-45,-63,-80,-2
"58","E07000006","South Bucks","Buckinghamshire",235,258,241,245,257,270,252,250,18,23,21,18,17,14,12,10,58,54,56,57,55,48,50,48,-21,30,20,12,13,8,-49,25,19,26,36,40,31,17,17,25,7,-10,-28,-45,-63,-80,-2
"59","E07000007","Wycombe","Buckinghamshire",235,258,241,245,257,270,252,250,18,23,21,18,17,14,12,10,50,48,51,43,44,38,33,25,22,23,13,27,14,19,23,34,19,26,36,40,31,17,17,25,7,-10,-28,-45,-63,-80,-50
"60","E07000008","Cambridge","Cambridgeshire",284,292,291,291,265,240,245,231,18,18,15,15,14,12,11,10,59,63,62,61,55,57,59,56,30,34,36,33,32,34,35,33,10,10,10,15,24,21,26,19,13,8,2,-4,-10,-15,-36
"61","E07000009","East Cambridgeshire","Cambridgeshire",284,292,291,291,265,240,245,231,18,18,15,15,14,12,11,10,54,48,49,95,52,54,52,54,14,12,14,8,7,10,14,16,10,10,10,15,24,21,26,19,13,8,2,-4,-10,-15,-39
"62","E07000010","Fenland","Cambridgeshire",284,292,291,291,265,240,245,231,18,18,15,15,14,12,11,10,66,58,55,54,53,49,50,48,17,15,14,17,16,15,13,17,10,10,10,15,24,21,26,19,13,8,2,-4,-10,-15,-101
"63","E07000011","Huntingdonshire","Cambridgeshire",284,292,291,291,265,240,245,231,18,18,15,15,14,12,11,10,54,44,43,40,35,37,40,38,29,25,22,23,22,22,14,16,10,10,10,15,24,21,26,19,13,8,2,-4,-10,-15,0
"64","E07000012","South Cambridgeshire","Cambridgeshire",284,292,291,291,265,240,245,231,18,18,15,15,14,12,11,10,43,40,39,38,36,31,33,37,15,15,14,13,8,15,22,16,10,10,10,15,24,21,26,19,13,8,2,-4,-10,-15,2
"65","E07000026","Allerdale","Cumbria",311,315,312,296,288,285,285,284,25,19,18,21,19,17,4,11,68,61,55,57,54,56,70,70,18,13,14,11,13,16,13,15,10,15,16,15,15,15,14,9,10,12,13,14,15,16,-65
"66","E07000027","Barrow-in-Furness","Cumbria",311,315,312,296,288,285,285,284,25,19,18,21,19,17,4,11,43,43,35,38,40,41,47,26,27,22,20,18,20,26,18,17,10,15,16,15,15,15,14,9,10,12,13,14,15,16,-129
"67","E07000028","Carlisle","Cumbria",311,315,312,296,288,285,285,284,25,19,18,21,19,17,4,11,37,40,36,35,30,33,33,33,20,24,33,22,20,19,11,13,10,15,16,15,15,15,14,9,10,12,13,14,15,16,-107
"68","E07000029","Copeland","Cumbria",311,315,312,296,288,285,285,284,25,19,18,21,19,17,4,11,51,40,37,40,33,36,50,NA,30,12,0,9,20,20,26,NA,10,15,16,15,15,15,14,9,10,12,13,14,15,16,-99
"69","E07000030","Eden","Cumbria",311,315,312,296,288,285,285,284,25,19,18,21,19,17,4,11,57,53,50,48,50,52,47,48,22,22,16,20,23,11,1,16,10,15,16,15,15,15,14,9,10,12,13,14,15,16,-60
"70","E07000031","South Lakeland","Cumbria",311,315,312,296,288,285,285,284,25,19,18,21,19,17,4,11,63,56,55,54,54,58,54,62,22,20,13,11,3,8,9,11,10,15,16,15,15,15,14,9,10,12,13,14,15,16,-61
"71","E07000032","Amber Valley","Derbyshire",311,299,291,294,296,272,297,290,22,21,20,26,26,24,21,5,52,45,36,33,33,33,34,26,11,10,10,10,11,10,10,9,86,86,98,103,43,55,52,51,65,79,93,106,120,134,-87
"72","E07000033","Bolsover","Derbyshire",311,299,291,294,296,272,297,290,22,21,20,26,26,24,21,5,59,56,49,45,37,40,36,37,7,6,5,6,5,12,14,14,86,86,98,103,43,55,52,51,65,79,93,106,120,134,-100
"73","E07000034","Chesterfield","Derbyshire",311,299,291,294,296,272,297,290,22,21,20,26,26,24,21,5,54,48,41,39,39,37,32,33,15,13,13,13,17,15,13,13,86,86,98,103,43,55,52,51,65,79,93,106,120,134,-120
"74","E07000035","Derbyshire Dales","Derbyshire",311,299,291,294,296,272,297,290,22,21,20,26,26,24,21,5,71,69,55,51,46,49,50,54,16,17,9,8,10,4,3,4,86,86,98,103,43,55,52,51,65,79,93,106,120,134,-89
"75","E07000036","Erewash","Derbyshire",311,299,291,294,296,272,297,290,22,21,20,26,26,24,21,5,44,41,36,35,33,32,23,33,17,14,14,11,12,12,8,10,86,86,98,103,43,55,52,51,65,79,93,106,120,134,-101
"76","E07000037","High Peak","Derbyshire",311,299,291,294,296,272,297,290,22,21,20,26,26,24,21,5,55,54,50,43,41,45,38,36,7,13,13,15,14,13,13,8,86,86,98,103,43,55,52,51,65,79,93,106,120,134,-97
"77","E07000038","North East Derbyshire","Derbyshire",311,299,291,294,296,272,297,290,22,21,20,26,26,24,21,5,45,31,27,31,32,31,19,20,19,19,13,15,13,11,6,6,86,86,98,103,43,55,52,51,65,79,93,106,120,134,-111
"78","E07000039","South Derbyshire","Derbyshire",311,299,291,294,296,272,297,290,22,21,20,26,26,24,21,5,47,43,47,46,40,41,25,25,13,14,7,7,7,8,8,4,86,86,98,103,43,55,52,51,65,79,93,106,120,134,-54
"79","E07000040","East Devon","Devon",298,319,295,301,295,282,287,291,23,21,19,18,17,17,14,14,61,56,51,51,51,57,53,51,18,15,13,13,11,11,4,9,14,14,14,15,15,15,15,15,15,15,15,15,15,15,-1
"80","E07000041","Exeter","Devon",298,319,295,301,295,282,287,291,23,21,19,18,17,17,14,14,54,47,55,47,46,41,44,40,35,32,29,31,33,27,30,38,14,14,14,15,15,15,15,15,15,15,15,15,15,15,-49
"81","E07000042","Mid Devon","Devon",298,319,295,301,295,282,287,291,23,21,19,18,17,17,14,14,43,45,44,45,43,39,42,38,16,13,15,6,8,12,9,12,14,14,14,15,15,15,15,15,15,15,15,15,15,15,-31
"82","E07000043","North Devon","Devon",298,319,295,301,295,282,287,291,23,21,19,18,17,17,14,14,81,68,73,64,59,62,60,63,19,19,21,21,13,13,-4,13,14,14,14,15,15,15,15,15,15,15,15,15,15,15,-82
"83","E07000044","South Hams","Devon",298,319,295,301,295,282,287,291,23,21,19,18,17,17,14,14,68,65,59,64,63,64,74,67,16,17,13,14,14,11,13,13,14,14,14,15,15,15,15,15,15,15,15,15,15,15,4
"84","E07000045","Teignbridge","Devon",298,319,295,301,295,282,287,291,23,21,19,18,17,17,14,14,49,50,51,49,45,52,49,49,18,19,19,18,15,14,16,14,14,14,14,15,15,15,15,15,15,15,15,15,15,15,-72
"85","E07000046","Torridge","Devon",298,319,295,301,295,282,287,291,23,21,19,18,17,17,14,14,64,56,52,48,51,42,47,51,27,21,26,25,26,20,17,17,14,14,14,15,15,15,15,15,15,15,15,15,15,15,-53
"86","E07000047","West Devon","Devon",298,319,295,301,295,282,287,291,23,21,19,18,17,17,14,14,66,54,57,60,56,60,61,66,28,16,10,15,16,21,19,16,14,14,14,15,15,15,15,15,15,15,15,15,15,15,-70
"87","E07000048","Christchurch","Dorset",348,324,314,302,310,303,300,330,28,24,21,10,24,19,22,23,60,53,49,50,48,48,46,43,21,21,19,17,16,15,18,21,15,21,16,16,26,18,17,15,12,10,7,5,2,-1,-64
"88","E07000049","East Dorset","Dorset",348,324,314,302,310,303,300,330,28,24,21,10,24,19,22,23,43,37,47,42,44,41,35,35,12,11,11,11,11,9,11,13,15,21,16,16,26,18,17,15,12,10,7,5,2,-1,-8
"89","E07000050","North Dorset","Dorset",348,324,314,302,310,303,300,330,28,24,21,10,24,19,22,23,46,41,38,38,37,35,34,34,23,20,18,17,15,15,13,6,15,21,16,16,26,18,17,15,12,10,7,5,2,-1,-67
"90","E07000051","Purbeck","Dorset",348,324,314,302,310,303,300,330,28,24,21,10,24,19,22,23,57,46,49,51,52,48,49,45,12,21,24,22,20,13,13,18,15,21,16,16,26,18,17,15,12,10,7,5,2,-1,-17
"91","E07000052","West Dorset","Dorset",348,324,314,302,310,303,300,330,28,24,21,10,24,19,22,23,52,48,68,57,97,105,51,47,21,18,11,16,16,10,13,11,15,21,16,16,26,18,17,15,12,10,7,5,2,-1,-41
"92","E07000053","Weymouth and Portland","Dorset",348,324,314,302,310,303,300,330,28,24,21,10,24,19,22,23,75,72,66,78,78,52,54,52,22,19,13,24,21,6,13,12,15,21,16,16,26,18,17,15,12,10,7,5,2,-1,-128
"93","E07000061","Eastbourne","East Sussex",385,369,369,357,330,326,348,350,28,22,20,18,17,16,16,15,59,58,58,39,35,36,36,38,24,29,24,25,26,25,20,18,8,8,8,9,9,9,10,10,10,10,10,10,10,10,-96
"94","E07000062","Hastings","East Sussex",385,369,369,357,330,326,348,350,28,22,20,18,17,16,16,15,68,66,61,53,53,47,50,45,40,35,39,35,28,16,40,46,8,8,8,9,9,9,10,10,10,10,10,10,10,10,-179
"95","E07000063","Lewes","East Sussex",385,369,369,357,330,326,348,350,28,22,20,18,17,16,16,15,53,45,45,50,47,46,46,46,23,22,21,21,20,18,18,21,8,8,8,9,9,9,10,10,10,10,10,10,10,10,-65
"96","E07000064","Rother","East Sussex",385,369,369,357,330,326,348,350,28,22,20,18,17,16,16,15,54,53,55,56,46,41,42,44,9,5,7,6,15,-3,-5,4,8,8,8,9,9,9,10,10,10,10,10,10,10,10,-48
"97","E07000065","Wealden","East Sussex",385,369,369,357,330,326,348,350,28,22,20,18,17,16,16,15,47,41,37,28,30,30,28,27,16,17,17,21,17,16,15,15,8,8,8,9,9,9,10,10,10,10,10,10,10,10,-15
"98","E07000066","Basildon","Essex",325,327,308,312,320,310,319,307,26,25,16,15,19,17,17,16,44,27,29,31,30,36,36,38,12,4,18,13,-1,0,12,14,33,32,63,86,57,59,80,55,55,55,55,55,55,55,-166
"99","E07000067","Braintree","Essex",325,327,308,312,320,310,319,307,26,25,16,15,19,17,17,16,50,42,37,36,34,35,35,37,11,9,9,11,3,9,9,8,33,32,63,86,57,59,80,55,55,55,55,55,55,55,-114
"100","E07000068","Brentwood","Essex",325,327,308,312,320,310,319,307,26,25,16,15,19,17,17,16,55,42,36,41,47,37,38,48,13,10,24,17,14,11,10,-1,33,32,63,86,57,59,80,55,55,55,55,55,55,55,-74
"101","E07000069","Castle Point","Essex",325,327,308,312,320,310,319,307,26,25,16,15,19,17,17,16,46,35,31,25,25,27,25,29,19,16,16,15,14,15,16,15,33,32,63,86,57,59,80,55,55,55,55,55,55,55,-123
"102","E07000070","Chelmsford","Essex",325,327,308,312,320,310,319,307,26,25,16,15,19,17,17,16,42,37,40,37,36,39,37,34,26,25,21,21,22,19,21,26,33,32,63,86,57,59,80,55,55,55,55,55,55,55,-73
"103","E07000071","Colchester","Essex",325,327,308,312,320,310,319,307,26,25,16,15,19,17,17,16,46,43,44,43,40,45,49,47,21,17,18,16,16,11,12,5,33,32,63,86,57,59,80,55,55,55,55,55,55,55,-95
"104","E07000072","Epping Forest","Essex",325,327,308,312,320,310,319,307,26,25,16,15,19,17,17,16,69,62,55,55,55,50,58,55,22,20,19,16,20,22,22,22,33,32,63,86,57,59,80,55,55,55,55,55,55,55,-115
"105","E07000073","Harlow","Essex",325,327,308,312,320,310,319,307,26,25,16,15,19,17,17,16,48,43,39,35,35,34,38,39,18,17,17,16,13,16,13,15,33,32,63,86,57,59,80,55,55,55,55,55,55,55,-215
"106","E07000074","Maldon","Essex",325,327,308,312,320,310,319,307,26,25,16,15,19,17,17,16,66,45,39,39,38,46,43,39,24,21,22,21,17,15,14,21,33,32,63,86,57,59,80,55,55,55,55,55,55,55,-96
"107","E07000075","Rochford","Essex",325,327,308,312,320,310,319,307,26,25,16,15,19,17,17,16,44,38,34,33,32,32,28,32,14,10,8,6,5,1,4,-2,33,32,63,86,57,59,80,55,55,55,55,55,55,55,-55
"108","E07000076","Tendring","Essex",325,327,308,312,320,310,319,307,26,25,16,15,19,17,17,16,49,44,41,42,41,40,35,37,17,17,15,16,15,14,14,17,33,32,63,86,57,59,80,55,55,55,55,55,55,55,-169
"109","E07000077","Uttlesford","Essex",325,327,308,312,320,310,319,307,26,25,16,15,19,17,17,16,62,34,26,28,26,31,34,38,10,4,16,18,16,16,11,12,33,32,63,86,57,59,80,55,55,55,55,55,55,55,-66
"110","E07000078","Cheltenham","Gloucestershire",311,312,308,309,298,283,270,249,18,17,15,13,12,11,11,11,34,26,31,34,32,34,35,39,15,18,2,11,9,8,10,11,12,16,18,20,20,20,20,20,19,17,16,15,13,12,-109
"111","E07000079","Cotswold","Gloucestershire",311,312,308,309,298,283,270,249,18,17,15,13,12,11,11,11,72,71,63,61,58,62,63,53,17,14,17,20,17,10,7,10,12,16,18,20,20,20,20,20,19,17,16,15,13,12,-89
"112","E07000080","Forest of Dean","Gloucestershire",311,312,308,309,298,283,270,249,18,17,15,13,12,11,11,11,53,50,43,44,46,53,46,49,21,18,18,10,9,11,15,9,12,16,18,20,20,20,20,20,19,17,16,15,13,12,-123
"113","E07000081","Gloucester","Gloucestershire",311,312,308,309,298,283,270,249,18,17,15,13,12,11,11,11,13,54,1,65,56,58,59,46,22,21,28,19,19,17,19,22,12,16,18,20,20,20,20,20,19,17,16,15,13,12,-158
"114","E07000082","Stroud","Gloucestershire",311,312,308,309,298,283,270,249,18,17,15,13,12,11,11,11,48,47,45,43,42,41,45,42,14,14,15,16,17,12,11,-1,12,16,18,20,20,20,20,20,19,17,16,15,13,12,-91
"115","E07000083","Tewkesbury","Gloucestershire",311,312,308,309,298,283,270,249,18,17,15,13,12,11,11,11,41,37,34,30,27,31,32,31,14,13,13,14,15,15,16,11,12,16,18,20,20,20,20,20,19,17,16,15,13,12,-69
"116","E07000084","Basingstoke and Deane","Hampshire",250,261,255,252,262,252,255,247,35,29,26,25,23,21,21,20,62,58,50,49,48,50,49,51,18,20,23,20,21,21,20,21,33,15,10,35,28,21,21,21,22,23,24,25,26,27,-73
"117","E07000085","East Hampshire","Hampshire",250,261,255,252,262,252,255,247,35,29,26,25,23,21,21,20,46,38,31,28,25,30,32,27,24,12,18,6,7,11,10,7,33,15,10,35,28,21,21,21,22,23,24,25,26,27,-55
"118","E07000086","Eastleigh","Hampshire",250,261,255,252,262,252,255,247,35,29,26,25,23,21,21,20,51,41,38,36,36,33,33,33,14,10,10,10,10,9,8,8,33,15,10,35,28,21,21,21,22,23,24,25,26,27,-60
"119","E07000087","Fareham","Hampshire",250,261,255,252,262,252,255,247,35,29,26,25,23,21,21,20,41,38,36,36,35,39,39,36,16,17,15,17,10,15,9,15,33,15,10,35,28,21,21,21,22,23,24,25,26,27,-52
"120","E07000088","Gosport","Hampshire",250,261,255,252,262,252,255,247,35,29,26,25,23,21,21,20,56,44,39,39,35,35,34,34,27,46,20,17,13,15,13,17,33,15,10,35,28,21,21,21,22,23,24,25,26,27,-91
"121","E07000089","Hart","Hampshire",250,261,255,252,262,252,255,247,35,29,26,25,23,21,21,20,63,39,36,32,30,30,33,26,23,29,18,18,15,19,16,21,33,15,10,35,28,21,21,21,22,23,24,25,26,27,17
"122","E07000090","Havant","Hampshire",250,261,255,252,262,252,255,247,35,29,26,25,23,21,21,20,49,39,39,35,38,42,39,28,18,18,18,22,17,11,8,7,33,15,10,35,28,21,21,21,22,23,24,25,26,27,-133
"123","E07000091","New Forest","Hampshire",250,261,255,252,262,252,255,247,35,29,26,25,23,21,21,20,54,46,46,50,50,46,47,42,12,8,9,5,10,11,3,11,33,15,10,35,28,21,21,21,22,23,24,25,26,27,-71
"124","E07000092","Rushmoor","Hampshire",250,261,255,252,262,252,255,247,35,29,26,25,23,21,21,20,63,54,52,52,46,50,48,40,24,19,21,27,17,15,20,18,33,15,10,35,28,21,21,21,22,23,24,25,26,27,-99
"125","E07000093","Test Valley","Hampshire",250,261,255,252,262,252,255,247,35,29,26,25,23,21,21,20,49,42,38,35,34,33,35,34,18,16,16,14,13,13,8,10,33,15,10,35,28,21,21,21,22,23,24,25,26,27,-46
"126","E07000094","Winchester","Hampshire",250,261,255,252,262,252,255,247,35,29,26,25,23,21,21,20,58,43,34,35,34,36,35,33,16,15,18,17,18,23,18,19,33,15,10,35,28,21,21,21,22,23,24,25,26,27,-61
"127","E07000095","Broxbourne","Hertfordshire",302,330,303,288,291,298,289,288,24,21,18,17,18,17,15,15,31,30,30,28,22,15,14,16,23,18,20,9,17,17,25,31,32,18,25,25,21,23,24,22,21,21,20,19,18,17,-110
"128","E07000096","Dacorum","Hertfordshire",302,330,303,288,291,298,289,288,24,21,18,17,18,17,15,15,49,44,48,49,48,44,41,41,9,9,12,20,18,10,4,1,32,18,25,25,21,23,24,22,21,21,20,19,18,17,-75
"129","E07000098","Hertsmere","Hertfordshire",302,330,303,288,291,298,289,288,24,21,18,17,18,17,15,15,64,57,50,50,49,52,52,50,22,16,17,12,12,14,11,11,32,18,25,25,21,23,24,22,21,21,20,19,18,17,-89
"130","E07000099","North Hertfordshire","Hertfordshire",302,330,303,288,291,298,289,288,24,21,18,17,18,17,15,15,47,39,40,48,37,48,49,53,12,20,14,15,2,16,17,18,32,18,25,25,21,23,24,22,21,21,20,19,18,17,-67
"131","E07000102","Three Rivers","Hertfordshire",302,330,303,288,291,298,289,288,24,21,18,17,18,17,15,15,51,42,43,45,45,48,31,22,16,16,24,17,15,16,28,23,32,18,25,25,21,23,24,22,21,21,20,19,18,17,-34
"132","E07000103","Watford","Hertfordshire",302,330,303,288,291,298,289,288,24,21,18,17,18,17,15,15,94,89,86,73,82,86,81,69,32,22,27,25,28,38,36,26,32,18,25,25,21,23,24,22,21,21,20,19,18,17,-113
"133","E07000105","Ashford","Kent",283,270,261,266,259,263,256,256,26,22,19,20,21,19,18,16,49,49,49,45,40,39,36,36,15,7,17,14,10,10,8,22,26,27,32,32,32,35,37,37,37,37,37,37,37,37,-53
"134","E07000106","Canterbury","Kent",283,270,261,266,259,263,256,256,26,22,19,20,21,19,18,16,58,58,54,43,39,45,39,40,11,14,13,11,9,12,9,11,26,27,32,32,32,35,37,37,37,37,37,37,37,37,-82
"135","E07000107","Dartford","Kent",283,270,261,266,259,263,256,256,26,22,19,20,21,19,18,16,57,55,42,41,53,56,52,53,17,14,21,16,14,10,16,22,26,27,32,32,32,35,37,37,37,37,37,37,37,37,-36
"136","E07000108","Dover","Kent",283,270,261,266,259,263,256,256,26,22,19,20,21,19,18,16,55,47,44,43,43,47,43,44,19,21,20,21,20,21,23,15,26,27,32,32,32,35,37,37,37,37,37,37,37,37,-99
"137","E07000109","Gravesham","Kent",283,270,261,266,259,263,256,256,26,22,19,20,21,19,18,16,45,43,41,43,47,43,42,35,28,21,24,21,15,12,20,17,26,27,32,32,32,35,37,37,37,37,37,37,37,37,-51
"138","E07000110","Maidstone","Kent",283,270,261,266,259,263,256,256,26,22,19,20,21,19,18,16,51,49,47,41,40,38,34,35,20,19,20,21,20,20,18,24,26,27,32,32,32,35,37,37,37,37,37,37,37,37,-51
"139","E07000111","Sevenoaks","Kent",283,270,261,266,259,263,256,256,26,22,19,20,21,19,18,16,64,42,54,54,54,55,55,56,20,17,12,9,20,11,17,14,26,27,32,32,32,35,37,37,37,37,37,37,37,37,-36
"140","E07000112","Folkestone and Hythe","Kent",283,270,261,266,259,263,256,256,26,22,19,20,21,19,18,16,60,48,48,44,45,50,47,44,27,21,21,16,15,21,24,25,26,27,32,32,32,35,37,37,37,37,37,37,37,37,-87
"141","E07000113","Swale","Kent",283,270,261,266,259,263,256,256,26,22,19,20,21,19,18,16,51,50,48,46,42,43,41,45,18,21,20,19,19,26,25,25,26,27,32,32,32,35,37,37,37,37,37,37,37,37,-70
"142","E07000114","Thanet","Kent",283,270,261,266,259,263,256,256,26,22,19,20,21,19,18,16,62,50,48,59,59,57,48,46,10,5,-9,3,0,-6,-4,-3,26,27,32,32,32,35,37,37,37,37,37,37,37,37,-127
"143","E07000115","Tonbridge and Malling","Kent",283,270,261,266,259,263,256,256,26,22,19,20,21,19,18,16,41,41,43,39,41,42,40,39,16,16,16,16,16,15,14,14,26,27,32,32,32,35,37,37,37,37,37,37,37,37,-39
"144","E07000116","Tunbridge Wells","Kent",283,270,261,266,259,263,256,256,26,22,19,20,21,19,18,16,49,45,43,40,40,41,30,40,17,17,16,14,13,14,13,13,26,27,32,32,32,35,37,37,37,37,37,37,37,37,28
"145","E07000117","Burnley","Lancashire",342,331,327,303,296,310,321,326,27,23,19,19,20,18,15,12,60,54,49,48,45,41,36,31,30,29,31,22,22,17,16,13,20,42,36,39,41,36,37,36,23,11,-2,-14,-27,-39,-137
"146","E07000118","Chorley","Lancashire",342,331,327,303,296,310,321,326,27,23,19,19,20,18,15,12,54,46,47,45,45,47,50,35,15,11,11,15,9,7,9,8,20,42,36,39,41,36,37,36,23,11,-2,-14,-27,-39,-66
"147","E07000119","Fylde","Lancashire",342,331,327,303,296,310,321,326,27,23,19,19,20,18,15,12,46,42,35,32,23,27,29,21,16,15,15,3,0,0,5,11,20,42,36,39,41,36,37,36,23,11,-2,-14,-27,-39,-83
"148","E07000120","Hyndburn","Lancashire",342,331,327,303,296,310,321,326,27,23,19,19,20,18,15,12,62,50,52,45,45,46,40,41,29,29,16,17,10,8,11,12,20,42,36,39,41,36,37,36,23,11,-2,-14,-27,-39,-170
"149","E07000121","Lancaster","Lancashire",342,331,327,303,296,310,321,326,27,23,19,19,20,18,15,12,52,49,46,45,39,41,38,35,28,23,21,21,20,20,19,20,20,42,36,39,41,36,37,36,23,11,-2,-14,-27,-39,-91
"150","E07000122","Pendle","Lancashire",342,331,327,303,296,310,321,326,27,23,19,19,20,18,15,12,66,57,52,50,48,48,47,42,18,18,17,17,18,17,18,18,20,42,36,39,41,36,37,36,23,11,-2,-14,-27,-39,-88
"151","E07000123","Preston","Lancashire",342,331,327,303,296,310,321,326,27,23,19,19,20,18,15,12,58,52,42,45,39,34,31,31,20,17,17,22,17,13,13,13,20,42,36,39,41,36,37,36,23,11,-2,-14,-27,-39,-116
"152","E07000124","Ribble Valley","Lancashire",342,331,327,303,296,310,321,326,27,23,19,19,20,18,15,12,43,38,37,34,35,37,36,36,9,10,9,9,8,8,10,10,20,42,36,39,41,36,37,36,23,11,-2,-14,-27,-39,-53
"153","E07000125","Rossendale","Lancashire",342,331,327,303,296,310,321,326,27,23,19,19,20,18,15,12,61,42,41,38,28,33,40,28,45,7,7,16,13,43,37,5,20,42,36,39,41,36,37,36,23,11,-2,-14,-27,-39,-143
"154","E07000126","South Ribble","Lancashire",342,331,327,303,296,310,321,326,27,23,19,19,20,18,15,12,42,38,37,37,34,33,27,28,8,17,16,13,11,11,10,10,20,42,36,39,41,36,37,36,23,11,-2,-14,-27,-39,-96
"155","E07000127","West Lancashire","Lancashire",342,331,327,303,296,310,321,326,27,23,19,19,20,18,15,12,64,63,52,55,53,56,54,52,12,10,12,10,10,6,7,6,20,42,36,39,41,36,37,36,23,11,-2,-14,-27,-39,-123
"156","E07000128","Wyre","Lancashire",342,331,327,303,296,310,321,326,27,23,19,19,20,18,15,12,68,68,42,43,42,42,32,30,12,12,11,14,13,11,10,5,20,42,36,39,41,36,37,36,23,11,-2,-14,-27,-39,-139
"157","E07000129","Blaby","Leicestershire",224,219,225,232,233,225,214,214,28,23,19,20,18,16,14,17,36,31,33,30,29,30,28,28,18,15,15,14,15,15,11,11,9,9,10,11,11,15,29,16,16,16,16,16,16,16,-7
"158","E07000130","Charnwood","Leicestershire",224,219,225,232,233,225,214,214,28,23,19,20,18,16,14,17,52,38,36,35,36,38,37,34,12,19,15,13,14,14,13,13,9,9,10,11,11,15,29,16,16,16,16,16,16,16,-31
"159","E07000131","Harborough","Leicestershire",224,219,225,232,233,225,214,214,28,23,19,20,18,16,14,17,54,51,64,50,51,56,52,46,13,12,14,15,14,13,12,9,9,9,10,11,11,15,29,16,16,16,16,16,16,16,-20
"160","E07000132","Hinckley and Bosworth","Leicestershire",224,219,225,232,233,225,214,214,28,23,19,20,18,16,14,17,50,41,36,36,34,39,32,33,7,6,6,7,5,3,5,5,9,9,10,11,11,15,29,16,16,16,16,16,16,16,-35
"161","E07000133","Melton","Leicestershire",224,219,225,232,233,225,214,214,28,23,19,20,18,16,14,17,63,59,58,56,58,69,58,56,12,12,14,15,13,19,16,15,9,9,10,11,11,15,29,16,16,16,16,16,16,16,-40
"162","E07000134","North West Leicestershire","Leicestershire",224,219,225,232,233,225,214,214,28,23,19,20,18,16,14,17,60,46,37,37,40,40,45,48,16,17,17,15,12,12,12,14,9,9,10,11,11,15,29,16,16,16,16,16,16,16,-48
"163","E07000135","Oadby and Wigston","Leicestershire",224,219,225,232,233,225,214,214,28,23,19,20,18,16,14,17,49,44,41,40,38,45,40,40,8,8,9,9,5,8,7,8,9,9,10,11,11,15,29,16,16,16,16,16,16,16,-70
"164","E07000136","Boston","Lincolnshire",305,256,250,215,222,234,227,239,31,27,25,24,23,18,14,13,77,71,66,66,73,65,53,64,16,19,19,18,13,21,12,13,15,17,16,16,16,16,16,15,15,15,15,15,15,15,-58
"165","E07000137","East Lindsey","Lincolnshire",305,256,250,215,222,234,227,239,31,27,25,24,23,18,14,13,103,85,84,76,73,70,66,62,1,13,4,2,1,7,9,9,15,17,16,16,16,16,16,15,15,15,15,15,15,15,-106
"166","E07000138","Lincoln","Lincolnshire",305,256,250,215,222,234,227,239,31,27,25,24,23,18,14,13,82,68,65,67,63,62,62,57,30,26,25,28,25,25,26,25,15,17,16,16,16,16,16,15,15,15,15,15,15,15,-156
"167","E07000139","North Kesteven","Lincolnshire",305,256,250,215,222,234,227,239,31,27,25,24,23,18,14,13,43,41,37,38,36,34,35,32,11,8,8,9,10,7,8,10,15,17,16,16,16,16,16,15,15,15,15,15,15,15,-56
"168","E07000140","South Holland","Lincolnshire",305,256,250,215,222,234,227,239,31,27,25,24,23,18,14,13,74,70,62,60,65,67,66,63,14,9,6,4,3,4,1,2,15,17,16,16,16,16,16,15,15,15,15,15,15,15,-90
"169","E07000141","South Kesteven","Lincolnshire",305,256,250,215,222,234,227,239,31,27,25,24,23,18,14,13,49,46,41,37,35,37,36,40,9,8,9,8,8,6,5,2,15,17,16,16,16,16,16,15,15,15,15,15,15,15,-71
"170","E07000142","West Lindsey","Lincolnshire",305,256,250,215,222,234,227,239,31,27,25,24,23,18,14,13,56,53,50,53,48,47,46,45,10,18,14,16,15,20,12,8,15,17,16,16,16,16,16,15,15,15,15,15,15,15,-110
"171","E07000143","Breckland","Norfolk",301,345,335,334,322,315,319,311,33,26,25,22,20,16,15,17,43,37,30,28,28,30,30,31,22,19,17,15,16,17,14,12,16,16,18,23,17,19,19,19,20,20,20,20,20,21,-47
"172","E07000144","Broadland","Norfolk",301,345,335,334,322,315,319,311,33,26,25,22,20,16,15,17,27,24,25,25,28,27,24,25,21,19,20,19,16,11,15,17,16,16,18,23,17,19,19,19,20,20,20,20,20,21,-27
"173","E07000145","Great Yarmouth","Norfolk",301,345,335,334,322,315,319,311,33,26,25,22,20,16,15,17,68,44,46,40,53,42,44,47,24,24,37,38,31,20,16,12,16,16,18,23,17,19,19,19,20,20,20,20,20,21,-159
"174","E07000146","King's Lynn and West Norfolk","Norfolk",301,345,335,334,322,315,319,311,33,26,25,22,20,16,15,17,65,58,57,46,47,41,35,36,13,1,16,13,16,12,3,11,16,16,18,23,17,19,19,19,20,20,20,20,20,21,-72
"175","E07000147","North Norfolk","Norfolk",301,345,335,334,322,315,319,311,33,26,25,22,20,16,15,17,68,57,58,52,51,46,45,46,10,12,14,10,7,11,11,10,16,16,18,23,17,19,19,19,20,20,20,20,20,21,-80
"176","E07000148","Norwich","Norfolk",301,345,335,334,322,315,319,311,33,26,25,22,20,16,15,17,71,66,67,59,57,61,56,46,25,24,26,23,12,24,25,23,16,16,18,23,17,19,19,19,20,20,20,20,20,21,-185
"177","E07000149","South Norfolk","Norfolk",301,345,335,334,322,315,319,311,33,26,25,22,20,16,15,17,39,29,31,31,31,32,28,21,22,19,13,16,12,14,11,6,16,16,18,23,17,19,19,19,20,20,20,20,20,21,-46
"178","E07000150","Corby","Northamptonshire",261,267,263,247,253,232,240,233,17,20,20,18,13,14,-5,9,72,62,54,51,49,52,56,44,10,7,7,3,18,19,16,15,13,13,14,13,13,12,12,12,0,-12,-23,-35,-47,-59,-28
"179","E07000151","Daventry","Northamptonshire",261,267,263,247,253,232,240,233,17,20,20,18,13,14,-5,9,54,49,39,35,34,35,40,44,15,7,11,14,11,14,14,14,13,13,14,13,13,12,12,12,0,-12,-23,-35,-47,-59,55
"180","E07000152","East Northamptonshire","Northamptonshire",261,267,263,247,253,232,240,233,17,20,20,18,13,14,-5,9,54,43,37,34,33,36,38,37,11,10,10,9,9,9,8,10,13,13,14,13,13,12,12,12,0,-12,-23,-35,-47,-59,16
"181","E07000153","Kettering","Northamptonshire",261,267,263,247,253,232,240,233,17,20,20,18,13,14,-5,9,41,37,32,33,23,24,27,38,23,13,15,14,10,21,20,29,13,13,14,13,13,12,12,12,0,-12,-23,-35,-47,-59,-32
"182","E07000154","Northampton","Northamptonshire",261,267,263,247,253,232,240,233,17,20,20,18,13,14,-5,9,47,37,32,26,25,26,29,29,44,43,31,29,42,27,22,25,13,13,14,13,13,12,12,12,0,-12,-23,-35,-47,-59,-48
"183","E07000155","South Northamptonshire","Northamptonshire",261,267,263,247,253,232,240,233,17,20,20,18,13,14,-5,9,52,53,38,52,43,64,23,34,19,15,12,10,8,18,12,15,13,13,14,13,13,12,12,12,0,-12,-23,-35,-47,-59,18
"184","E07000156","Wellingborough","Northamptonshire",261,267,263,247,253,232,240,233,17,20,20,18,13,14,-5,9,71,43,37,43,39,43,38,24,30,16,20,16,19,18,19,11,13,13,14,13,13,12,12,12,0,-12,-23,-35,-47,-59,-23
"185","E07000163","Craven","North Yorkshire",265,249,231,237,255,269,277,NA,24,20,19,18,20,16,17,NA,42,36,29,27,32,30,38,34,21,12,10,7,7,7,7,9,7,9,13,34,53,68,27,NA,NA,NA,NA,NA,NA,NA,-48
"186","E07000164","Hambleton","North Yorkshire",265,249,231,237,255,269,277,NA,24,20,19,18,20,16,17,NA,35,41,40,46,46,49,53,47,12,14,12,23,5,7,7,6,7,9,13,34,53,68,27,NA,NA,NA,NA,NA,NA,NA,-50
"187","E07000165","Harrogate","North Yorkshire",265,249,231,237,255,269,277,NA,24,20,19,18,20,16,17,NA,49,47,45,43,39,39,42,35,16,17,15,14,14,15,13,13,7,9,13,34,53,68,27,NA,NA,NA,NA,NA,NA,NA,-55
"188","E07000166","Richmondshire","North Yorkshire",265,249,231,237,255,269,277,NA,24,20,19,18,20,16,17,NA,48,52,49,40,41,40,39,38,17,18,17,17,19,16,14,14,7,9,13,34,53,68,27,NA,NA,NA,NA,NA,NA,NA,-33
"189","E07000167","Ryedale","North Yorkshire",265,249,231,237,255,269,277,NA,24,20,19,18,20,16,17,NA,53,49,44,45,40,43,40,30,24,19,20,19,20,21,19,18,7,9,13,34,53,68,27,NA,NA,NA,NA,NA,NA,NA,-38
"190","E07000168","Scarborough","North Yorkshire",265,249,231,237,255,269,277,NA,24,20,19,18,20,16,17,NA,73,63,56,50,48,47,46,52,13,18,16,15,15,16,16,16,7,9,13,34,53,68,27,NA,NA,NA,NA,NA,NA,NA,-143
"191","E07000169","Selby","North Yorkshire",265,249,231,237,255,269,277,NA,24,20,19,18,20,16,17,NA,64,55,53,52,54,65,58,61,15,14,14,14,18,15,-2,-17,7,9,13,34,53,68,27,NA,NA,NA,NA,NA,NA,NA,-34
"192","E07000170","Ashfield","Nottinghamshire",341,303,293,302,291,285,285,283,31,22,28,26,21,22,17,14,56,55,55,47,42,47,42,41,20,12,11,16,14,12,11,11,25,28,30,42,29,27,24,28,31,34,37,40,44,47,-119
"193","E07000171","Bassetlaw","Nottinghamshire",341,303,293,302,291,285,285,283,31,22,28,26,21,22,17,14,49,48,46,42,41,41,39,38,8,5,0,5,3,6,9,9,25,28,30,42,29,27,24,28,31,34,37,40,44,47,-85
"194","E07000172","Broxtowe","Nottinghamshire",341,303,293,302,291,285,285,283,31,22,28,26,21,22,17,14,49,40,37,36,29,29,26,22,20,16,15,14,14,12,13,11,25,28,30,42,29,27,24,28,31,34,37,40,44,47,-88
"195","E07000173","Gedling","Nottinghamshire",341,303,293,302,291,285,285,283,31,22,28,26,21,22,17,14,42,37,33,32,31,32,31,31,14,8,10,11,7,9,4,1,25,28,30,42,29,27,24,28,31,34,37,40,44,47,-48
"196","E07000174","Mansfield","Nottinghamshire",341,303,293,302,291,285,285,283,31,22,28,26,21,22,17,14,61,55,53,57,55,54,47,54,-7,9,13,8,7,7,8,18,25,28,30,42,29,27,24,28,31,34,37,40,44,47,-132
"197","E07000175","Newark and Sherwood","Nottinghamshire",341,303,293,302,291,285,285,283,31,22,28,26,21,22,17,14,47,50,46,41,38,35,33,35,11,13,11,12,11,12,10,11,25,28,30,42,29,27,24,28,31,34,37,40,44,47,-70
"198","E07000176","Rushcliffe","Nottinghamshire",341,303,293,302,291,285,285,283,31,22,28,26,21,22,17,14,58,36,42,38,37,36,36,36,13,12,12,11,9,8,8,9,25,28,30,42,29,27,24,28,31,34,37,40,44,47,35
"199","E07000177","Cherwell","Oxfordshire",277,277,270,286,289,276,273,279,23,26,26,24,24,21,19,18,54,45,50,40,36,40,30,32,34,49,37,45,40,35,19,19,13,15,14,19,21,24,19,20,26,31,37,43,49,54,26
"200","E07000178","Oxford","Oxfordshire",277,277,270,286,289,276,273,279,23,26,26,24,24,21,19,18,86,60,72,69,64,79,78,85,55,39,44,48,48,42,37,37,13,15,14,19,21,24,19,20,26,31,37,43,49,54,-61
"201","E07000179","South Oxfordshire","Oxfordshire",277,277,270,286,289,276,273,279,23,26,26,24,24,21,19,18,51,45,45,46,42,42,40,39,17,12,5,23,18,20,21,15,13,15,14,19,21,24,19,20,26,31,37,43,49,54,7
"202","E07000180","Vale of White Horse","Oxfordshire",277,277,270,286,289,276,273,279,23,26,26,24,24,21,19,18,51,45,39,35,38,37,38,37,17,16,14,14,16,16,15,9,13,15,14,19,21,24,19,20,26,31,37,43,49,54,17
"203","E07000181","West Oxfordshire","Oxfordshire",277,277,270,286,289,276,273,279,23,26,26,24,24,21,19,18,47,45,46,40,42,44,45,48,17,16,16,18,17,11,5,5,13,15,14,19,21,24,19,20,26,31,37,43,49,54,62
"204","E07000187","Mendip","Somerset",285,257,275,267,270,282,293,284,27,27,25,24,24,12,20,18,55,48,45,48,55,47,41,45,34,36,34,35,47,32,32,39,14,18,24,24,32,26,21,20,21,22,22,23,24,25,-86
"205","E07000188","Sedgemoor","Somerset",285,257,275,267,270,282,293,284,27,27,25,24,24,12,20,18,64,54,55,57,53,54,52,52,18,13,15,25,12,13,16,13,14,18,24,24,32,26,21,20,21,22,22,23,24,25,-75
"206","E07000189","South Somerset","Somerset",285,257,275,267,270,282,293,284,27,27,25,24,24,12,20,18,49,46,48,49,46,46,45,43,20,17,16,16,14,8,9,8,14,18,24,24,32,26,21,20,21,22,22,23,24,25,-67
"207","E07000190","Taunton Deane","Somerset",285,257,275,267,270,282,293,284,27,27,25,24,24,12,20,18,42,45,40,42,42,39,36,36,21,22,23,27,26,19,24,11,14,18,24,24,32,26,21,20,21,22,22,23,24,25,-81
"208","E07000191","West Somerset","Somerset",285,257,275,267,270,282,293,284,27,27,25,24,24,12,20,18,62,61,63,62,63,59,59,52,9,14,17,21,22,16,1,20,14,18,24,24,32,26,21,20,21,22,22,23,24,25,-82
"209","E07000192","Cannock Chase","Staffordshire",290,260,262,284,271,247,253,252,24,27,24,27,22,21,19,13,49,38,36,36,37,40,41,36,28,25,17,21,15,15,16,15,12,17,20,33,16,15,12,21,26,31,37,42,47,52,-118
"210","E07000193","East Staffordshire","Staffordshire",290,260,262,284,271,247,253,252,24,27,24,27,22,21,19,13,45,38,41,40,39,38,33,33,15,12,11,12,13,14,9,9,12,17,20,33,16,15,12,21,26,31,37,42,47,52,-99
"211","E07000194","Lichfield","Staffordshire",290,260,262,284,271,247,253,252,24,27,24,27,22,21,19,13,42,30,29,30,27,26,24,25,11,10,11,6,9,8,10,11,12,17,20,33,16,15,12,21,26,31,37,42,47,52,-58
"212","E07000195","Newcastle-under-Lyme","Staffordshire",290,260,262,284,271,247,253,252,24,27,24,27,22,21,19,13,66,56,53,52,49,51,50,46,19,17,16,13,15,14,15,14,12,17,20,33,16,15,12,21,26,31,37,42,47,52,-85
"213","E07000196","South Staffordshire","Staffordshire",290,260,262,284,271,247,253,252,24,27,24,27,22,21,19,13,38,36,27,27,25,25,23,25,12,10,10,11,10,6,8,8,12,17,20,33,16,15,12,21,26,31,37,42,47,52,-78
"214","E07000197","Stafford","Staffordshire",290,260,262,284,271,247,253,252,24,27,24,27,22,21,19,13,38,39,37,36,36,37,36,36,14,12,11,11,10,11,10,10,12,17,20,33,16,15,12,21,26,31,37,42,47,52,-45
"215","E07000198","Staffordshire Moorlands","Staffordshire",290,260,262,284,271,247,253,252,24,27,24,27,22,21,19,13,48,50,48,44,42,41,38,37,16,20,20,24,20,13,8,5,12,17,20,33,16,15,12,21,26,31,37,42,47,52,-86
"216","E07000199","Tamworth","Staffordshire",290,260,262,284,271,247,253,252,24,27,24,27,22,21,19,13,75,58,55,50,52,46,45,45,20,14,22,22,20,17,22,22,12,17,20,33,16,15,12,21,26,31,37,42,47,52,-104
"217","E07000200","Babergh","Suffolk",304,304,294,303,292,288,296,294,25,22,20,17,18,17,17,14,35,29,29,25,29,27,28,26,16,15,16,15,20,10,6,2,12,24,41,36,53,63,76,70,55,41,26,11,-3,-18,-115
"218","E07000201","Forest Heath","Suffolk",304,304,294,303,292,288,296,294,25,22,20,17,18,17,17,14,60,46,45,32,31,26,23,-201,22,19,20,17,13,11,10,12,12,24,41,36,53,63,76,70,55,41,26,11,-3,-18,-151
"219","E07000202","Ipswich","Suffolk",304,304,294,303,292,288,296,294,25,22,20,17,18,17,17,14,40,42,44,40,41,42,36,39,28,27,22,24,26,36,22,24,12,24,41,36,53,63,76,70,55,41,26,11,-3,-18,-175
"220","E07000203","Mid Suffolk","Suffolk",304,304,294,303,292,288,296,294,25,22,20,17,18,17,17,14,41,34,34,31,25,24,25,24,25,11,11,13,13,7,5,2,12,24,41,36,53,63,76,70,55,41,26,11,-3,-18,-95
"221","E07000204","St Edmundsbury","Suffolk",304,304,294,303,292,288,296,294,25,22,20,17,18,17,17,14,52,48,46,43,37,37,40,38,21,19,18,17,16,11,13,14,12,24,41,36,53,63,76,70,55,41,26,11,-3,-18,-140
"222","E07000205","Suffolk Coastal","Suffolk",304,304,294,303,292,288,296,294,25,22,20,17,18,17,17,14,49,42,38,42,43,40,43,41,20,13,13,14,14,14,18,16,12,24,41,36,53,63,76,70,55,41,26,11,-3,-18,-102
"223","E07000206","Waveney","Suffolk",304,304,294,303,292,288,296,294,25,22,20,17,18,17,17,14,51,46,45,45,41,51,38,37,16,16,18,13,18,18,14,16,12,24,41,36,53,63,76,70,55,41,26,11,-3,-18,-138
"224","E07000207","Elmbridge","Surrey",275,327,327,325,335,330,317,314,26,26,28,23,22,21,18,15,55,51,49,50,49,53,49,46,26,20,18,19,27,27,25,24,31,36,29,32,21,21,21,21,21,21,21,21,21,21,114
"225","E07000208","Epsom and Ewell","Surrey",275,327,327,325,335,330,317,314,26,26,28,23,22,21,18,15,45,32,31,27,35,30,34,32,20,23,20,28,32,41,32,23,31,36,29,32,21,21,21,21,21,21,21,21,21,21,89
"226","E07000209","Guildford","Surrey",275,327,327,325,335,330,317,314,26,26,28,23,22,21,18,15,63,58,50,53,46,45,44,50,21,20,21,23,22,20,20,17,31,36,29,32,21,21,21,21,21,21,21,21,21,21,92
"227","E07000210","Mole Valley","Surrey",275,327,327,325,335,330,317,314,26,26,28,23,22,21,18,15,57,55,54,52,53,58,56,61,8,14,12,3,-1,10,8,13,31,36,29,32,21,21,21,21,21,21,21,21,21,21,95
"228","E07000211","Reigate and Banstead","Surrey",275,327,327,325,335,330,317,314,26,26,28,23,22,21,18,15,67,45,48,52,47,48,28,31,16,14,13,14,10,9,16,13,31,36,29,32,21,21,21,21,21,21,21,21,21,21,60
"229","E07000212","Runnymede","Surrey",275,327,327,325,335,330,317,314,26,26,28,23,22,21,18,15,56,46,38,36,34,37,37,38,17,15,13,14,19,13,12,16,31,36,29,32,21,21,21,21,21,21,21,21,21,21,70
"230","E07000213","Spelthorne","Surrey",275,327,327,325,335,330,317,314,26,26,28,23,22,21,18,15,43,38,43,41,47,44,36,43,21,17,19,20,14,21,27,29,31,36,29,32,21,21,21,21,21,21,21,21,21,21,30
"231","E07000214","Surrey Heath","Surrey",275,327,327,325,335,330,317,314,26,26,28,23,22,21,18,15,58,57,55,57,62,49,51,50,16,12,14,11,22,18,19,15,31,36,29,32,21,21,21,21,21,21,21,21,21,21,97
"232","E07000215","Tandridge","Surrey",275,327,327,325,335,330,317,314,26,26,28,23,22,21,18,15,58,55,53,48,45,45,42,45,17,13,20,17,30,19,11,12,31,36,29,32,21,21,21,21,21,21,21,21,21,21,66
"233","E07000216","Waverley","Surrey",275,327,327,325,335,330,317,314,26,26,28,23,22,21,18,15,47,53,38,38,39,41,39,40,15,11,10,11,8,1,5,6,31,36,29,32,21,21,21,21,21,21,21,21,21,21,69
"234","E07000217","Woking","Surrey",275,327,327,325,335,330,317,314,26,26,28,23,22,21,18,15,34,40,37,41,45,37,46,51,18,20,21,21,21,14,14,27,31,36,29,32,21,21,21,21,21,21,21,21,21,21,49
"235","E07000218","North Warwickshire","Warwickshire",279,273,253,251,250,238,226,228,28,23,20,17,15,15,13,13,47,51,50,50,48,46,46,44,11,10,11,11,10,9,8,7,8,12,16,19,18,19,21,25,29,33,37,42,46,50,-97
"236","E07000219","Nuneaton and Bedworth","Warwickshire",279,273,253,251,250,238,226,228,28,23,20,17,15,15,13,13,45,40,37,34,35,38,40,39,20,14,13,14,15,13,14,11,8,12,16,19,18,19,21,25,29,33,37,42,46,50,-93
"237","E07000220","Rugby","Warwickshire",279,273,253,251,250,238,226,228,28,23,20,17,15,15,13,13,62,51,50,53,51,52,51,41,18,16,15,14,14,14,15,10,8,12,16,19,18,19,21,25,29,33,37,42,46,50,-46
"238","E07000221","Stratford-on-Avon","Warwickshire",279,273,253,251,250,238,226,228,28,23,20,17,15,15,13,13,54,51,51,47,47,48,49,49,21,18,16,15,12,12,15,19,8,12,16,19,18,19,21,25,29,33,37,42,46,50,5
"239","E07000222","Warwick","Warwickshire",279,273,253,251,250,238,226,228,28,23,20,17,15,15,13,13,45,43,41,34,33,35,31,NA,11,15,14,13,13,12,13,NA,8,12,16,19,18,19,21,25,29,33,37,42,46,50,-3
"240","E07000223","Adur","West Sussex",269,263,247,261,265,245,250,262,18,13,16,13,12,12,11,11,48,46,40,40,37,37,37,31,15,10,8,3,-3,4,8,16,17,18,18,18,18,18,18,18,20,22,24,26,28,30,-144
"241","E07000224","Arun","West Sussex",269,263,247,261,265,245,250,262,18,13,16,13,12,12,11,11,56,50,50,48,50,51,48,42,17,16,16,16,12,14,12,16,17,18,18,18,18,18,18,18,20,22,24,26,28,30,-107
"242","E07000225","Chichester","West Sussex",269,263,247,261,265,245,250,262,18,13,16,13,12,12,11,11,57,54,44,40,43,40,41,38,15,20,22,21,20,16,8,19,17,18,18,18,18,18,18,18,20,22,24,26,28,30,-77
"243","E07000226","Crawley","West Sussex",269,263,247,261,265,245,250,262,18,13,16,13,12,12,11,11,68,66,61,57,50,46,44,42,38,33,34,34,37,33,31,28,17,18,18,18,18,18,18,18,20,22,24,26,28,30,-163
"244","E07000227","Horsham","West Sussex",269,263,247,261,265,245,250,262,18,13,16,13,12,12,11,11,63,51,53,49,46,50,47,44,1,13,13,15,10,12,3,5,17,18,18,18,18,18,18,18,20,22,24,26,28,30,-69
"245","E07000228","Mid Sussex","West Sussex",269,263,247,261,265,245,250,262,18,13,16,13,12,12,11,11,28,23,27,25,27,26,26,24,14,15,13,12,13,14,15,16,17,18,18,18,18,18,18,18,20,22,24,26,28,30,-70
"246","E07000229","Worthing","West Sussex",269,263,247,261,265,245,250,262,18,13,16,13,12,12,11,11,31,30,27,22,18,14,14,11,13,10,13,16,11,12,15,24,17,18,18,18,18,18,18,18,20,22,24,26,28,30,-110
"247","E07000234","Bromsgrove","Worcestershire",278,294,283,282,258,246,258,266,22,20,26,27,24,23,22,20,60,48,48,48,43,46,36,31,4,10,14,13,21,10,4,8,13,17,15,15,13,13,13,12,12,12,13,13,13,13,-64
"248","E07000235","Malvern Hills","Worcestershire",278,294,283,282,258,246,258,266,22,20,26,27,24,23,22,20,47,42,42,54,44,42,32,36,7,3,4,1,0,-3,-3,-1,13,17,15,15,13,13,13,12,12,12,13,13,13,13,-58
"249","E07000236","Redditch","Worcestershire",278,294,283,282,258,246,258,266,22,20,26,27,24,23,22,20,42,38,38,37,37,29,36,30,17,16,12,11,11,12,14,9,13,17,15,15,13,13,13,12,12,12,13,13,13,13,-112
"250","E07000237","Worcester","Worcestershire",278,294,283,282,258,246,258,266,22,20,26,27,24,23,22,20,43,40,35,22,18,21,16,22,27,17,22,25,20,26,25,28,13,17,15,15,13,13,13,12,12,12,13,13,13,13,-120
"251","E07000238","Wychavon","Worcestershire",278,294,283,282,258,246,258,266,22,20,26,27,24,23,22,20,58,44,51,51,40,44,39,46,21,16,15,13,11,10,9,10,13,17,15,15,13,13,13,12,12,12,13,13,13,13,-56
"252","E07000239","Wyre Forest","Worcestershire",278,294,283,282,258,246,258,266,22,20,26,27,24,23,22,20,34,31,31,30,31,28,25,25,21,16,17,15,14,14,13,13,13,17,15,15,13,13,13,12,12,12,13,13,13,13,-108
"253","E07000240","St Albans","Hertfordshire",302,330,303,288,291,298,289,288,24,21,18,17,18,17,15,15,44,32,41,38,39,46,40,37,6,8,5,8,6,14,9,8,32,18,25,25,21,23,24,22,21,21,20,19,18,17,-49
"254","E07000241","Welwyn Hatfield","Hertfordshire",302,330,303,288,291,298,289,288,24,21,18,17,18,17,15,15,64,61,58,58,56,55,56,47,28,29,27,28,27,25,20,20,32,18,25,25,21,23,24,22,21,21,20,19,18,17,-75
"255","E07000242","East Hertfordshire","Hertfordshire",302,330,303,288,291,298,289,288,24,21,18,17,18,17,15,15,58,42,34,43,39,41,38,40,16,18,16,18,19,16,15,15,32,18,25,25,21,23,24,22,21,21,20,19,18,17,-36
"256","E07000243","Stevenage","Hertfordshire",302,330,303,288,291,298,289,288,24,21,18,17,18,17,15,15,57,52,52,45,48,49,45,51,-25,-19,-26,-31,-21,-21,-20,-19,32,18,25,25,21,23,24,22,21,21,20,19,18,17,-126
"257","E08000001","Bolton",NA,270,285,236,243,240,235,236,250,60,41,42,42,37,35,35,33,66,51,68,60,55,59,57,56,50,24,23,24,25,22,21,12,3,7,10,11,11,11,11,11,11,11,11,11,11,11,-92
"258","E08000002","Bury",NA,335,319,321,310,266,260,285,280,61,50,49,47,38,35,33,30,57,51,47,44,44,42,41,37,22,24,20,19,42,33,31,22,11,13,17,16,10,10,10,8,8,7,6,5,4,3,-126
"259","E08000003","Manchester",NA,410,381,340,322,325,266,261,269,116,102,78,70,62,70,77,75,68,49,74,69,69,76,59,61,58,46,39,37,36,31,38,43,23,24,26,26,41,27,27,26,22,18,14,11,7,3,-100
"260","E08000004","Oldham",NA,315,308,269,255,234,215,221,225,67,82,84,73,51,74,58,54,71,61,56,45,45,40,44,43,15,2,14,32,12,23,19,18,13,10,13,16,20,18,19,15,14,13,12,12,11,10,-150
"261","E08000005","Rochdale",NA,330,332,294,276,261,243,243,243,71,66,51,48,48,41,39,35,71,63,47,40,40,44,44,42,75,59,41,36,39,36,29,23,16,33,45,18,12,12,12,12,14,16,17,19,20,22,-143
"262","E08000006","Salford",NA,347,273,270,247,232,219,220,199,82,69,71,67,51,48,37,32,60,50,43,38,37,34,30,31,90,68,46,42,48,39,24,27,10,8,12,16,13,14,14,13,13,13,13,13,13,13,-128
"263","E08000007","Stockport",NA,297,269,254,265,266,276,277,281,70,62,63,53,44,31,45,42,71,68,71,71,62,62,54,49,49,44,40,38,33,6,6,6,8,10,9,12,12,11,13,19,17,15,13,11,9,7,-74
"264","E08000008","Tameside",NA,281,321,240,241,262,218,227,264,78,72,64,59,58,41,46,43,66,54,60,47,39,37,41,42,67,16,41,45,29,28,19,15,26,48,17,27,18,17,17,17,17,17,17,17,17,17,-57
"265","E08000009","Trafford",NA,285,259,276,251,254,232,222,217,51,48,46,42,36,33,27,25,69,60,56,51,44,37,31,21,39,33,23,16,12,8,7,7,8,8,10,11,11,8,8,6,6,6,6,6,6,6,-85
"266","E08000010","Wigan",NA,288,275,263,250,250,232,243,244,0,3,3,3,6,21,21,19,102,102,94,87,82,72,69,68,40,26,31,18,15,22,22,19,44,21,13,14,15,15,16,16,16,16,17,17,17,17,-135
"267","E08000011","Knowsley",NA,387,374,378,336,398,458,416,410,98,64,56,65,48,67,35,27,93,57,51,44,39,27,25,23,92,71,78,60,14,17,12,10,5,5,5,5,5,5,5,5,5,5,5,5,5,5,-189
"268","E08000012","Liverpool",NA,338,351,333,330,332,327,337,333,123,95,100,102,92,79,72,62,113,72,64,75,45,72,63,58,134,85,80,62,54,42,22,31,15,16,24,25,25,25,25,18,16,15,14,12,11,10,-152
"269","E08000013","St Helens",NA,332,328,299,288,291,283,283,285,76,68,62,51,56,44,41,46,68,48,56,40,45,38,38,44,71,65,59,56,58,51,41,43,19,14,15,20,21,24,18,15,21,28,34,41,47,53,-76
"270","E08000014","Sefton",NA,345,344,336,310,317,318,329,344,74,59,53,50,50,38,36,28,64,61,51,50,29,45,53,51,47,43,39,40,23,22,21,21,4,4,4,7,10,8,8,8,9,10,11,12,13,14,-114
"271","E08000015","Wirral",NA,336,295,290,271,257,272,262,257,96,86,76,63,57,32,48,38,69,57,58,59,23,45,44,43,59,60,55,59,53,42,46,42,14,15,21,21,17,19,22,26,25,24,23,22,21,21,-131
"272","E08000016","Barnsley",NA,313,268,247,277,226,201,241,256,54,45,52,46,38,22,24,24,114,99,87,97,83,66,69,68,34,43,29,25,23,3,-4,-1,10,14,10,10,10,15,15,15,15,15,15,15,15,15,-117
"273","E08000017","Doncaster",NA,263,282,266,267,260,285,240,260,69,56,56,49,43,37,38,35,96,97,86,94,90,85,77,80,79,46,41,35,29,25,19,21,5,14,12,12,18,21,19,15,12,10,7,5,2,0,-66
"274","E08000018","Rotherham",NA,347,323,322,314,289,288,299,268,66,60,57,66,56,52,43,43,70,76,69,67,63,52,62,67,42,39,24,27,24,20,15,5,6,8,10,10,11,11,11,10,10,10,10,10,10,10,-78
"275","E08000019","Sheffield",NA,310,302,293,290,276,258,251,240,123,101,97,120,106,89,66,60,86,83,73,64,69,75,76,68,77,64,59,49,49,38,28,32,21,25,10,11,11,11,13,10,9,8,7,6,5,4,-118
"276","E08000021","Newcastle upon Tyne",NA,373,395,364,360,302,294,306,318,115,96,91,82,57,57,42,26,136,123,109,117,86,86,73,72,84,71,58,42,39,34,31,29,10,10,10,10,10,10,10,10,10,10,10,10,10,10,-201
"277","E08000022","North Tyneside",NA,355,352,309,267,247,241,253,261,120,101,83,80,76,70,70,67,109,93,86,80,80,78,79,75,25,20,24,22,21,21,23,19,7,7,7,7,7,7,7,7,7,7,7,7,8,8,-119
"278","E08000023","South Tyneside",NA,410,340,346,360,332,350,335,316,101,91,84,80,56,47,57,53,120,104,89,85,96,106,96,92,39,41,15,14,12,10,8,5,1,1,2,1,1,2,1,1,3,6,8,11,13,16,-160
"279","E08000024","Sunderland",NA,277,295,311,303,291,304,297,279,95,31,72,48,47,43,40,23,102,94,90,88,79,77,66,65,71,60,28,23,19,13,14,10,15,12,8,8,8,8,8,10,12,14,16,18,20,22,-150
"280","E08000025","Birmingham",NA,336,302,276,272,263,259,269,279,77,65,59,57,51,47,40,46,64,76,72,80,75,69,65,71,80,71,58,66,60,42,34,32,11,34,26,27,86,138,111,101,170,240,310,379,449,519,-160
"281","E08000026","Coventry",NA,304,309,273,240,233,229,226,227,67,63,61,52,51,39,34,30,82,85,70,71,67,68,65,59,73,56,37,59,40,37,37,27,5,6,6,10,10,7,4,3,5,6,8,9,11,13,-99
"282","E08000027","Dudley",NA,333,319,284,302,305,307,278,276,40,70,50,52,51,49,43,31,80,73,72,70,71,65,62,64,38,26,29,26,23,11,9,7,3,9,12,19,25,25,27,20,27,33,40,47,53,60,-103
"283","E08000028","Sandwell",NA,368,338,334,308,298,288,267,280,80,74,62,69,62,55,45,47,120,99,92,94,94,88,71,81,29,62,53,40,35,20,24,15,37,40,47,48,59,63,66,37,41,44,48,51,54,58,-185
"284","E08000029","Solihull",NA,295,308,297,294,288,294,287,272,52,37,34,33,28,30,29,22,70,85,77,73,78,79,77,75,10,9,9,9,11,16,12,19,7,12,16,19,17,13,20,17,19,21,23,25,27,29,-113
"285","E08000030","Walsall",NA,343,310,276,294,284,250,260,267,73,66,63,60,53,51,55,45,85,72,68,63,60,57,59,54,26,21,46,41,19,19,23,15,8,14,14,17,15,12,14,14,15,17,18,19,21,22,-142
"286","E08000031","Wolverhampton",NA,332,344,327,350,305,286,278,271,77,81,75,66,60,59,61,53,79,87,82,75,72,74,69,76,51,49,40,38,34,31,27,26,32,40,20,16,27,10,10,10,10,10,10,10,10,10,-148
"287","E08000032","Bradford",NA,277,290,242,244,244,246,235,227,58,52,54,63,53,47,46,42,95,77,78,79,75,67,71,74,75,59,55,41,36,31,25,23,15,11,11,37,42,44,31,25,25,25,25,25,25,25,-29
"288","E08000033","Calderdale",NA,290,272,261,245,245,234,243,252,83,70,70,65,54,52,53,51,110,99,99,90,92,114,106,102,54,30,27,24,24,21,21,19,10,9,9,9,11,13,11,10,7,4,1,-2,-5,-8,-78
"289","E08000034","Kirklees",NA,263,236,221,219,231,227,236,240,68,66,60,55,62,52,52,37,80,74,70,70,62,62,55,52,47,46,43,39,32,30,30,29,19,19,30,40,44,38,26,11,9,7,5,3,2,0,-73
"290","E08000035","Leeds",NA,319,297,291,294,288,290,294,294,89,76,75,75,84,63,58,60,90,88,90,91,87,82,74,73,71,59,53,31,24,20,20,20,16,30,25,23,26,22,22,20,26,31,37,42,48,53,-68
"291","E08000036","Wakefield",NA,297,271,261,258,260,255,240,230,77,67,75,62,57,56,51,39,95,93,94,102,101,89,89,87,43,32,20,12,40,38,36,36,6,6,7,10,10,10,10,10,15,20,25,30,35,40,-14
"292","E08000037","Gateshead",NA,417,381,357,359,353,347,332,336,133,103,91,93,82,70,58,52,140,111,82,103,81,72,73,80,36,31,26,27,23,20,18,15,18,16,13,16,15,16,16,17,15,12,10,8,6,4,-162
"293","E09000001","City of London",NA,943,892,899,924,1018,864,736,744,7134,6477,6282,7570,7298,6360,6150,5582,2358,1811,1770,2142,2043,1786,1414,1602,68,-51,-126,-2,1,218,165,307,48,53,64,71,43,56,54,50,67,83,100,116,132,149,-97
"294","E09000002","Barking and Dagenham",NA,325,309,284,259,224,226,212,217,75,74,71,62,46,49,41,40,69,71,81,59,44,40,41,39,30,43,45,66,70,14,31,45,8,11,14,17,27,26,21,19,17,15,12,10,8,6,-140
"295","E09000003","Barnet",NA,347,324,301,289,264,274,263,272,56,49,45,40,28,44,27,34,79,61,63,68,49,55,28,48,40,24,16,23,10,14,14,19,16,16,16,15,15,15,14,10,15,21,26,31,37,42,-220
"296","E09000004","Bexley",NA,244,260,246,243,229,227,211,229,73,66,56,65,56,55,41,40,109,112,108,106,103,99,90,81,50,32,34,35,41,43,48,41,12,14,14,16,15,17,16,16,16,16,16,16,16,16,-125
"297","E09000005","Brent",NA,366,288,257,282,229,223,217,236,59,56,51,44,33,38,28,28,99,79,71,75,64,77,102,51,148,114,91,109,122,106,74,47,9,6,10,12,12,12,12,12,12,12,12,12,12,12,-195
"298","E09000006","Bromley",NA,286,282,264,227,223,209,208,211,53,51,45,42,44,43,42,40,103,100,86,84,83,78,69,73,42,40,40,39,41,35,35,49,52,54,32,20,20,20,20,25,34,42,51,60,68,77,-124
"299","E09000007","Camden",NA,462,456,430,402,383,335,346,317,70,73,68,43,44,38,34,32,188,167,150,134,135,124,119,91,248,85,182,106,97,88,82,80,13,12,14,14,14,14,14,14,14,14,14,14,14,14,-220
"300","E09000008","Croydon",NA,295,322,297,281,307,276,270,279,62,57,44,34,30,31,24,26,120,109,106,101,97,84,85,81,61,52,50,46,49,30,48,61,0,12,12,12,12,11,11,11,11,11,11,11,11,11,-160
"301","E09000009","Ealing",NA,286,279,254,237,267,271,281,296,56,52,53,53,49,37,30,27,88,80,54,46,56,52,45,43,76,70,51,63,51,37,67,31,15,15,15,15,15,15,15,15,15,15,15,15,15,15,-253
"302","E09000010","Enfield",NA,353,352,330,298,291,287,250,232,56,55,52,53,51,31,28,35,78,71,73,72,75,77,60,56,45,38,44,80,86,59,51,52,13,13,14,14,14,14,14,14,14,14,14,14,14,14,-271
"303","E09000011","Greenwich",NA,344,314,281,297,337,353,341,291,81,67,70,54,59,46,44,43,134,128,123,125,130,131,116,115,76,63,52,60,67,59,49,42,16,22,23,23,23,23,15,13,13,14,14,15,15,15,-143
"304","E09000012","Hackney",NA,396,359,307,306,265,253,263,247,80,72,77,60,53,58,49,47,152,123,111,104,91,99,110,91,154,104,102,93,74,80,85,98,15,15,15,15,15,15,15,15,15,15,15,15,15,15,-233
"305","E09000013","Hammersmith and Fulham",NA,426,364,381,341,329,333,319,325,77,57,46,40,35,31,32,25,175,163,156,149,152,145,138,136,152,138,127,111,101,94,102,95,15,16,17,18,19,19,19,19,19,19,19,19,19,19,-343
"306","E09000014","Haringey",NA,355,350,336,334,336,357,355,292,63,44,39,42,38,35,32,32,91,82,83,79,80,71,67,62,109,63,64,70,70,85,86,113,11,11,15,15,21,26,20,15,15,16,16,17,17,18,-326
"307","E09000015","Harrow",NA,295,285,273,267,265,269,256,272,52,38,37,25,25,26,21,17,74,64,62,61,54,49,44,41,55,53,54,55,49,39,30,27,6,7,8,9,10,10,10,10,10,10,10,10,10,10,-153
"308","E09000016","Havering",NA,284,269,246,268,268,260,261,252,46,46,43,48,42,34,31,27,61,54,48,53,52,45,46,38,30,28,25,32,14,17,17,33,13,13,14,14,15,15,12,12,12,12,12,12,12,12,-155
"309","E09000017","Hillingdon",NA,314,290,283,258,283,239,232,223,49,42,46,46,55,48,46,48,69,53,49,47,60,60,60,53,77,62,80,73,58,31,34,25,19,17,24,31,37,40,39,39,40,42,43,45,47,48,-285
"310","E09000018","Hounslow",NA,265,240,245,210,194,190,177,185,69,59,61,54,51,51,46,41,64,59,67,43,48,54,48,72,65,59,38,45,48,50,39,32,9,10,14,14,14,16,17,17,17,16,16,15,15,14,-275
"311","E09000019","Islington",NA,427,393,366,353,343,331,347,340,82,54,57,69,63,52,43,40,155,152,158,137,134,137,130,124,142,115,109,103,101,71,75,71,12,13,15,17,13,13,11,9,9,9,9,9,9,9,-235
"312","E09000020","Kensington and Chelsea",NA,364,339,316,301,301,303,282,295,105,103,104,92,86,114,76,67,209,201,188,183,185,180,190,196,146,130,126,132,125,113,120,155,1,0,0,3,10,10,10,10,10,10,10,10,10,10,-194
"313","E09000021","Kingston upon Thames",NA,312,305,301,269,300,303,304,289,62,53,59,47,43,40,40,37,112,105,101,93,90,94,81,80,50,54,44,48,26,26,33,25,4,4,7,8,8,8,11,8,12,15,19,22,26,30,-222
"314","E09000022","Lambeth",NA,391,360,322,319,302,327,334,315,84,65,53,50,58,43,43,42,173,149,139,136,132,98,96,89,153,119,104,115,128,143,73,84,29,30,25,25,25,24,25,25,25,25,25,25,25,25,-62
"315","E09000023","Lewisham",NA,379,375,326,330,318,289,268,266,89,75,75,60,53,40,34,30,137,121,116,102,102,99,70,73,126,102,96,94,75,66,52,51,12,12,12,12,12,13,13,13,13,13,13,13,13,13,-145
"316","E09000024","Merton",NA,248,283,257,264,264,257,256,249,45,37,36,35,32,31,15,33,133,112,110,105,104,101,93,78,55,31,30,30,32,31,28,37,11,15,14,19,19,15,15,13,13,13,13,13,13,13,-215
"317","E09000025","Newham",NA,300,288,250,236,228,224,217,227,72,69,64,53,42,59,26,18,137,115,106,102,85,83,84,90,99,127,88,60,64,66,10,17,25,25,16,14,19,0,19,17,12,7,2,-2,-7,-12,-230
"318","E09000026","Redbridge",NA,257,252,246,226,217,218,212,225,57,45,44,38,37,36,35,30,81,70,67,66,65,64,59,44,63,54,56,48,50,46,50,56,15,15,15,16,16,17,17,17,17,17,17,17,17,17,-149
"319","E09000027","Richmond upon Thames",NA,332,344,314,326,340,355,346,347,67,60,60,57,63,74,71,47,78,67,59,62,55,53,45,35,50,48,49,46,46,48,43,53,0,11,10,10,10,10,10,10,10,10,10,10,10,10,-195
"320","E09000028","Southwark",NA,376,364,283,329,335,332,315,249,89,81,75,68,66,68,58,45,195,168,134,133,128,128,129,111,136,97,85,89,72,64,70,62,18,18,18,18,18,18,19,19,19,19,19,19,19,19,-107
"321","E09000029","Sutton",NA,291,334,295,289,306,286,263,279,62,57,52,46,44,40,29,29,121,108,101,102,87,89,81,73,48,46,45,42,44,38,41,39,8,9,12,15,18,15,12,5,7,8,10,12,13,15,-127
"322","E09000030","Tower Hamlets",NA,431,383,369,404,345,331,333,334,84,67,63,61,60,51,48,42,180,147,156,93,94,133,129,110,128,106,96,125,124,80,67,57,27,23,26,26,65,71,72,32,33,35,36,38,39,41,-156
"323","E09000031","Waltham Forest",NA,293,285,261,260,260,267,257,258,43,40,53,45,40,35,36,39,110,106,91,84,78,73,70,48,85,71,60,65,57,31,45,60,8,10,10,11,11,11,15,15,15,15,15,15,15,15,-133
"324","E09000032","Wandsworth",NA,334,329,332,285,280,279,280,289,54,47,40,28,25,19,13,11,109,103,93,80,81,74,71,75,60,36,12,17,11,7,10,18,20,31,24,28,34,27,16,19,19,19,19,19,19,19,-75
"325","E09000033","Westminster",NA,495,431,424,333,316,294,284,291,86,84,87,75,62,56,56,47,308,280,320,307,290,231,223,181,204,167,186,236,232,177,124,151,32,16,22,32,35,36,42,49,59,69,79,89,99,109,-129
"326",NA,"average",NA,309,304,291,285,281,276,276,272,55,48,45,43,40,36,33,30,84,77,73,70,68,66,63,61,48,40,36,36,32,28,25,25,NA,NA,NA,NA,NA,NA,NA,NA,NA,NA,NA,NA,NA,NA,NA
