"","E-code","ONS Code","Local authority","Class","Appropriations to(+) / from(-) Accumulated Absences Account : Trading Accounts and Adjustments : 747","Appropriations to(+)/ from(-) financial instruments adjustment account : Non-current Expenditure and Receipts : 789","Appropriations to(+)/ from(-) unequal pay back pay account : Non-current Expenditure and Receipts : 790","Appropriations to(+)/ from(-) schools' reserves : Revenue Expenditure Financing : 811","Appropriations to(+)/ from(-) public health financial reserves : Revenue Expenditure Financing : 814","Appropriations to(+)/ from(-) other earmarked financial reserves : Revenue Expenditure Financing : 815","Appropriations to(+)/ from(-) unallocated financial reserves : Revenue Expenditure Financing : 816","Estimated schools reserves level at 1 April : Reserves at 1 April 2017 : 911","Estimated public health financial reserves level at 1 April : Reserves at 1 April 2017 : 914","Estimated other earmarked financial reserves level at 1 April : Reserves at 1 April 2017 : 915","Estimated unallocated financial reserves level at 1 April : Reserves at 1 April 2017 : 916","Estimated schools reserves level at 31 March : Reserves at 31 March 2018 : 911","Estimated public health financial reserves level at 31 March : Reserves at 31 March 2018 : 914","Estimated other earmarked financial reserves level at 31 March : Reserves at 31 March 2018 : 915","Estimated unallocated financial reserves level at 31 March : Reserves at 31 March 2018 : 916","Housing Revenue Account (HRA) Reserves at 1 April 2017 : HRA Reserves : 983","Housing Revenue Account (HRA) Reserves at 31 March 2018 : HRA Reserves : 983","earmarked_reserves_spend","totalreserves_march","unallocated_reserves_spend","totalreserves_april","totalreservesspend"
"2","E4601","E08000025","Birmingham","MD",0,2168,"-26460","-6679","-4419","35544","69631","42506","7183",261206,100838,"35827","2764",296750,170469,"4735","4817",-35544,467219,"-69631","362044","-431675"
"3","E2321","E10000017","Lancashire","SC",218,3254,"0","-7327","0","-17263","-12563","72390","6215",222939,36000,"65063","6215",205676,23437,"0","0",17263,229113,"12563","258939","-246376"
"4","E2221","E10000016","Kent","SC",638,1917,"0","0","-191","1748","0","28340","3825",158815,37213,"28340","3634",160563,37213,"0","0",-1748,197776,"0","196028","-196028"
"5","E1721","E10000014","Hampshire","SC",-1656,0,"0","-9427","425","62902","900","46679","7412",373160,21498,"37252","7837",436062,22398,"0","0",-62902,458460,"-900","394658","-395558"
"6","E1521","E10000012","Essex","SC",3622,40,"0","-5655","2270","8882","-87","47303","1396",66994,55299,"41648","3666",75876,55212,"0","0",-8882,131088,"87","122293","-122206"
"7","E3620","E10000030","Surrey","SC",2857,278,"0","3847","0","-5370","0","47325","0",92013,21326,"51172","0",86643,21326,"0","0",5370,107969,"0","113339","-113339"
"8","E1920","E10000015","Hertfordshire","SC",2633,-328,"0","3943","734","33641","-819","82842","3946",62996,22199.7002933465,"86785","4680",96637,21380.7002933465,"0","0",-33641,118017.700293346,"819","85195.7002933465","-84376.7002933465"
"9","E4704","E08000035","Leeds","MD",0,0,"0","-1934","0","1007","5563","17158","0",34394,20070,"15224","0",35401,25633,"28102","24071",-1007,61034,"-5563","54464","-60027"
"10","E3820","E10000032","West Sussex","SC",0,0,"0","1485","0","-1370","1951","18999","0",155576,18335,"20484","0",154206,20286,"0","0",1370,174492,"-1951","173911","-175862"
"11","E2620","E10000020","Norfolk","SC",108,37,"0","-8077","-992","10040","235","13953","2749",58427,19300,"5876","1757",68467,19535,"0","0",-10040,88002,"-235","77727","-77962"
"12","E1021","E10000007","Derbyshire","SC",2555,0,"0","-4131","544","-11249","13766","35434","6659",160311,51267,"31303","7203",149062,65033,"0","0",11249,214095,"-13766","211578","-225344"
"13","E3421","E10000028","Staffordshire","SC",0,-13600,"0","-3015","0","4504","5216","29106","0",36079,20991,"26091","0",40583,26207,"0","0",-4504,66790,"-5216","57070","-62286"
"14","E3021","E10000024","Nottinghamshire","SC",0,15,"0","-6118","2387","6856","3164","26037","6896",121090,27706,"19919","9283",127946,30870,"0","0",-6856,158816,"-3164","148796","-151960"
"16","E1121","E10000008","Devon","SC",1221,719,"0","-246","159","24595","15","18388","226",82663,14679,"18142","385",107258,14694,"0","0",-24595,121952,"-15","97342","-97357"
"17","E4203","E08000003","Manchester","MD",-159,493,"0","1519","-308","52561","-3919","25971","308",202533,26226,"27490","0",255094,22307,"90991","99940",-52561,277401,"3919","228759","-224840"
"18","E4302","E08000012","Liverpool","MD",0,0,"0","-2492","-15","-6897","-1299","16016","2679",134016,17609,"13524","2664",127119,16310,"0","0",6897,143429,"1299","151625","-150326"
"19","E3520","E10000029","Suffolk","SC",NA,0,"0","-6392","-278","-1088","-14615","20987","4275",57666,69941,"14595","3997",56578,55326,"0","0",1088,111904,"14615","127607","-112992"
"20","E1302","E06000047","Durham UA","UA",-3545,0,"0","-1420","-493","-7197","1496","19835","3436",210273,23004,"18415","2943",203076,24500,"0","0",7197,227576,"-1496","233277","-234773"
"21","E4701","E08000032","Bradford","MD",1642,394,"0","-4666","-240","17571","0","25216","735",101792,25300,"20550","495",119363,25300,"0","0",-17571,144663,"0","127092","-127092"
"22","E2520","E10000019","Lincolnshire","SC",-48,-16,"0","-11855","-1047","29780","-100","24395","4477",131255,15300,"12540","3430",161035,15200,"0","0",-29780,176235,"100","146555","-146455"
"23","E4404","E08000019","Sheffield","MD",0,0,"0","1327","391","34601","-1034","11276","1032",56001,9728,"12603","1423",90602,8694,"9198.1930265499977","9266.1930265499977",-34601,99296,"1034","65729","-64695"
"24","E2820","E10000021","Northamptonshire","SC",-189,-874,"0","-2209","2455","-3296","-11721","23988","342",8481,11721,"21779","2797",5185,0,"0","0",3296,5185,"11721","20202","-8481"
"25","E3120","E10000025","Oxfordshire","SC",36,0,"0","-3279","-196","-5675","5749","18284","1391",84706,19969,"15005","1195",79031,25718,"0","0",5675,104749,"-5749","104675","-110424"
"26","E5020","E09000030","Tower Hamlets","L",-742,0,"0","-1341","3741","-17342","1518","24714","2413",129536,31740,"23373","6154",112194,33258,"41297","49792.000000000015",17342,145452,"-1518","161276","-162794"
"27","E1620","E10000013","Gloucestershire","SC",-64,154,"0","-2473","-1643","4733","-1328","19688","3641",113843,19848,"17215","1998",118576,18520,"0","0",-4733,137096,"1328","133691","-132363"
"28","E0920","E10000006","Cumbria","SC",-353,-15,"0","514","-1758","2925","1055","-2382","2453",60892,9417,"-1868","695",63817,10472,"0","0",-2925,74289,"-1055","70309","-71364"
"29","E1421","E10000011","East Sussex","SC",321,0,"0","277","-2812","3834","0","10457","10496",100668,9999,"10734","7684",104502,9999,"0","0",-3834,114501,"0","110667","-110667"
"30","E0801","E06000052","Cornwall UA","UA",1443,735,"0","-4546","-307","14179","-5657","8873","1823",191284,42097,"4327","1516",205463,36440,"12831","13481",-14179,241903,"5657","233381","-227724"
"31","E0421","E10000002","Buckinghamshire","SC",154,0,"0","-4279","324","-315","-17483","14966","1271",83369,24506,"10687","1595",83054,7023,"0","0",315,90077,"17483","107875","-90392"
"32","E0521","E10000003","Cambridgeshire","SC",0,0,"0","-30.082189999999173","-393","1398.4421299999958","-5729.3304999999982","12285","2960",46381,19122,"12254.917810000001","2567",47779.44213,13392.6695,"0","0",-1398.44213,61172.11163,"5729.3305","65503","-59773.6695"
"33","E0102","E06000023","Bristol UA","UA",-2379,0,"0","1302","2988","15986","0","5459","4180",61266,20000,"6761","7168",77252,20000,"63027","78614",-15986,97252,"0","81266","-81266"
"34","E1821","E10000034","Worcestershire","SC",0,0,"0","-3826","1039","-11411","188","13188","5294",79965,12029,"9362","6333",68554,12217,"0","0",11411,80771,"-188","91994","-92182"
"35","E3720","E10000031","Warwickshire","SC",0,0,"0","-1893","-929","12102","4127","14711","2328",91268,25088,"12818","1399",103370,29215,"0","0",-12102,132585,"-4127","116356","-120483"
"36","E3320","E10000027","Somerset","SC",0,0,"0","-2194","961","-6277","772","21340","1358",6778,20157,"19146","2319",501,20929,"0","0",6277,21430,"-772","26935","-27707"
"37","E5045","E09000025","Newham","L",5730,0,"0","-10989","0","29328","-4942","35758","0",122138,17294,"24769","0",151466,12352,"56456.425460000042","58354.425460000042",-29328,163818,"4942","139432","-134490"
"38","E2401","E06000016","Leicester City UA","UA",593,0,"0","1311","0","-4784","0","14474","0",157201,15000,"15785","0",152417,15000,"23348","30745",4784,167417,"0","172201","-172201"
"41","E4703","E08000034","Kirklees","MD",-1266,405,"0","-596","-166","4495","-1798","9532","1432",65280,10604,"8936","1266",69775,8806,"52013","60357",-4495,78581,"1798","75884","-74086"
"42","E5036","E09000009","Ealing","L",435,25,"0","438","0","-18194","0","14678","0",85770,15473,"15116","0",67576,15473,"16755","9924",18194,83049,"0","101243","-101243"
"43","E5017","E09000022","Lambeth","L",0,0,"0","-741.40212999999994","0","9412.7512999999981","0","15964","0",50239,24793,"15222.59787","0",59651.7513,24793,"72249.244789999997","70699.244789999997",-9412.7513,84444.7513,"0","75032","-75032"
"44","E3902","E06000054","Wiltshire UA","UA",-58,2,"0","-334","731","9247","410","6264","0",24580,12533,"5930","731",33827,12943,"23170","17951",-9247,46770,"-410","37113","-37523"
"45","E5018","E09000023","Lewisham","L",692,-23314,"0","6513","0","3996","0","16648","0",119689,13000,"23161","0",123685,13000,"57123","70208",-3996,136685,"0","132689","-132689"
"46","E2421","E10000018","Leicestershire","SC",0,0,"0","0","0","0","0","9704","1822",107483,16156,"9704","1822",107483,16156,"0","0",0,123639,"0","123639","-123639"
"47","E5019","E09000028","Southwark","L",0,241,"0","-2045","160","10639","0","16013","-1907",57649,18803,"13968","-1747",68288,18803,"14355","19959",-10639,87091,"0","76452","-76452"
"48","E5013","E09000012","Hackney","L",404,84,"0","1767","0","-14688","-3","9290","0",129089,15003,"11057","0",114401,15000,"27597","30427",14688,129401,"3","144092","-144089"
"49","E5031","E09000003","Barnet","L",0,0,"0","1236.6302400000002","33.844310000000057","-23436.084040000002","5469.5109299999995","11252","779",96799,9614,"12488.63024","812.84431000000006",73362.91596,15083.51093,"12489","15003.306919999995",23436.08404,88446.42689,"-5469.51093","106413","-111882.51093"
"50","E4604","E08000028","Sandwell","MD",-914,58,"0","-855","-88","1454","3460","34406","5402",20092,37186.97945,"33551","5314",21546,40646.97945,"35648","35043",-1454,62192.97945,"-3460","57278.97945","-60738.97945"
"51","E5012","E09000011","Greenwich","L",0,0,"0","4143","0","-15662","418","33790","0",119675.23641,12850,"37933","0",104013.23641,13268,"12025","18559",15662,117281.23641,"-418","132525.23641","-132943.23641"
"52","E5035","E09000008","Croydon","L",NA,86.38526,"0","-898","0","-15810","0","3306","2",22161.98844,10675,"2408","2",6351.98844,10675,"12555","14535",15810,17026.98844,"0","32836.98844","-32836.98844"
"53","E5037","E09000010","Enfield","L",0,0,"0","0","0","15716.58","0","10033","823",53877.58242,14000,"10033","823",69594.16242,14000,"29808.7","20647.489229999996",-15716.58,83594.16242,"0","67877.58242","-67877.58242"
"54","E1221","E10000009","Dorset","SC",204,5,"0","-6942","-635","-14023","-2603","1773","2452",54222.57016,14977.50825,"-5169","1817",40199.57016,12374.50825,"0","0",14023,52574.07841,"2603","69200.07841","-66597.07841"
"55","E3001","E06000018","City of Nottingham UA","UA",-454,254,"-1361","-2294","-393","-212","1180","18750","917",137816,8463,"16456","524",137604,9643,"4359","4403",212,147247,"-1180","146279","-147459"
"57","E0604","E06000050","Cheshire West and Chester UA","UA",639,12,"0","347","187","18960","-596","10004","1350",59986.065,25026,"10351","1537",78946.065,24430,"848","660",-18960,103376.065,"596","85012.065","-84416.065"
"58","E5046","E09000026","Redbridge","L",0,0,"0","0","0","-5674","0","16061","763",84131,17192,"16061","763",78457,17192,"12629","18730",5674,95649,"0","101323","-101323"
"59","E5033","E09000005","Brent","L",0,1322,"0","-1668","900","46567","0","20119","1681",145376,12253,"18451","2581",191943,12253,"6572","5430",-46567,204196,"0","157629","-157629"
"60","E5038","E09000014","Haringey","L",622,-177.186,"0","-169","0","11938.121079999999","487","7876","0",48570,14907,"7707","0",60508.12108,15394,"37524.859699999986","38208.286110000001",-11938.12108,75902.12108,"-487","63477","-63964"
"61","E5011","E09000007","Camden","L",0,201,"0","404","515","10849","0","16054","648",69810,13624,"16458","1163",80659,13624,"38386","31109",-10849,94283,"0","83434","-83434"
"62","E4305","E08000015","Wirral","MD",0,0,"0","-274","0","-202","-867","10500","764",42324,25723,"10226","764",42122,24856,"0","0",202,66978,"867","68047","-67180"
"63","E4602","E08000026","Coventry","MD",-98,-9524,"0","1713","-134","15228","1568","22619","740",77698,3134,"24332","606",92926,4702,"0","0",-15228,97628,"-1568","80832","-82400"
"64","E5015","E09000019","Islington","L",0,0,"0","316","740","3885","48","9002","589",60208,8677,"9318","1329",64093,8725,"70563.358210000006","70563.358210000006",-3885,72818,"-48","68885","-68933"
"65","E4210","E08000010","Wigan","MD",1042,0,"0","874","-225","13441","244","14125","852",71398,15831,"14999","627",84839,16075,"19749","25014",-13441,100914,"-244","87229","-87473"
"66","E4502","E08000021","Newcastle upon Tyne","MD",-635,0,"0","0","684","-5064","0","14972","3092",91874,10135,"14972","3776",86810,10135,"16459","18706",5064,96945,"0","102009","-102009"
"67","E0603","E06000049","Cheshire East UA","UA",708,211,"0","-688","-312","-1569","0","5131","536",48376,10316,"4443","224",46807,10316,"0","0",1569,57123,"0","58692","-58692"
"68","E5049","E09000031","Waltham Forest","L",-791,521,"0","-1623","47","3593","0","10535","911",81061,14572,"8912","958",84654,14572,"4724","4455",-3593,99226,"0","95633","-95633"
"69","E2001","E06000011","East Riding of Yorkshire UA","UA",1664,4,"0","-752","354","12232","350","8837","1675",126702,14829,"8085","2029",138934,15179,"3942","4282",-12232,154113,"-350","141531","-141881"
"70","E1401","E06000043","Brighton & Hove UA","UA",0,26,"0","709","-548","4180","-440","1293","989",23135,11266,"2002","441",27315,10826,"9338","8773",-4180,38141,"440","34401","-33961"
"71","E2901","E06000057","Northumberland UA","UA",-561,-457,"8","-1553","1433","10515","2397","6588","2864",90865,37336,"5035","4297",101380,39733,"23552","27385",-10515,141113,"-2397","128201","-130598"
"72","E4304","E08000014","Sefton","MD",-1210,59,"0","1577","-259","-33832","1029","13834","726",59052,8103,"15411","467",25220,9132,"0","0",33832,34352,"-1029","67155","-68184"
"73","E4603","E08000027","Dudley","MD",0,826,"0","-4054","457","5589","6701","18507","4601",18733,19878,"14453","5058",24322,26579,"2637","1964",-5589,50901,"-6701","38611","-45312"
"75","E5021","E09000032","Wandsworth","L",0,0,"0","0","0","-18783","0","14119","0",159968,19358,"14119","0",141185,19358,"130878","132765",18783,160543,"0","179326","-179326"
"76","E4201","E08000001","Bolton","MD",-82,0,"0","1368","-1036","-14564","0","5241","1036",102364,10660,"6609","0",87800,10660,"0","0",14564,98460,"0","113024","-113024"
"77","E5030","E09000002","Barking & Dagenham","L",-1736,0,"0","-2294","72","3470","-2300","15612","161",38724,19330,"13318","233",42194,17030,"19628","15849",-3470,59224,"2300","58054","-55754"
"78","E1001","E06000015","Derby City UA","UA",0,0,"0","263","478","616","2169","10525","327",97684,8764,"10788","805",98300,10933,"44584","47048.826760000018",-616,109233,"-2169","106448","-108617"
"79","E4606","E08000030","Walsall","MD",0,0,"0","51","-62","20529","1322","7239","2105",120290,13905,"7290","2043",140819,15227,"0","0",-20529,156046,"-1322","134195","-135517"
"80","E4207","E08000007","Stockport","MD",0,13,"0","-1355","363","4769","-1993","12633","765",62559,19111,"11278","1128",67328,17118,"1000","1105",-4769,84446,"1993","81670","-79677"
"81","E3401","E06000021","Stoke-on-Trent UA","UA",1002,51,"0","-1691","-3180","-17271","0","5844","4424",63150,8569,"4153","1244",45879,8569,"27420","24771",17271,54448,"0","71719","-71719"
"82","E4607","E08000031","Wolverhampton","MD",0,0,"0","-1586","-132","-3729","0","6694","620",49399,10000,"5108","488",45670,10000,"5000","7000",3729,55670,"0","59399","-59399"
"83","E4206","E08000006","Salford","MD",664,1737,"0","-742","0","1012","0","9147","339",75716,13243,"8405","339",76728,13243,"14296","14559",-1012,89971,"0","88959","-88959"
"84","E5041","E09000017","Hillingdon","L",0,0,"0","-4424.4346699999996","-76.23948","3698.3109399999998","1583","9858","2705",27670,38738,"5433.5653300000004","2628.7605199999998",31368.31094,40321,"45826","37107.847640000007",-3698.31094,71689.31094,"-1583","66408","-67991"
"85","E4705","E08000036","Wakefield","MD",-124,830,"0","-1743","0","459","5000","9452.1265199999998","0",71451.37751,10000,"7709.1265199999998","0",71910.37751,15000,"0","0",-459,86910.37751,"-5000","81451.37751","-86451.37751"
"86","E4402","E08000017","Doncaster","MD",1406,190,"0","-2788","-42","1367","-2506","8622","775",41245,14827,"5834","733",42612,12321,"5243","6523",-1367,54933,"2506","56072","-53566"
"87","E0401","E06000042","Milton Keynes UA","UA",0,0,"0","-645","-74","5048","140","9570","878",75185,7000,"8925","804",80233,7140,"52435","57676",-5048,87373,"-140","82185","-82325"
"88","E3202","E06000051","Shropshire UA","UA",NA,0,"0","4228.7142599999997","-146.315","139.97394","633.93200000000002","14270","2222",40620,25774,"18498.714260000001","2075.6849999999999",40759.97394,26407.932,"9031","8224.7919999999976",-139.973939999996,67167.90594,"-633.932000000001","66394","-67027.932"
"89","E5042","E09000018","Hounslow","L",0,0,"0","-901","0","16432","-500","12074","0",115443,17467,"11173","0",131875,16967,"42124","37200",-16432,148842,"500","132910","-132410"
"90","E4205","E08000005","Rochdale","MD",47,8,"0","-53","-297","12974","1516","12362","348",114178,12484,"12309","51",127152,14000,"0","0",-12974,141152,"-1516","126662","-128178"
"91","E0201","E06000032","Luton UA","UA",-348,59,"0","2637","61","650","0","16847","376",45221,14021,"19484","437",45871,14021,"10182","10648",-650,59892,"0","59242","-59242"
"92","E4505","E08000024","Sunderland","MD",491,-50,"0","-1650","124","2960","2000","8224","88",125374,10000,"6574","212",128334,12000,"0","0",-2960,140334,"-2000","135374","-137374"
"93","E0103","E06000025","South Gloucestershire UA","UA",-1153,150,"0","1161","-91","-15779","0","3716","935",70539,8738,"4877","844",54760,8738,"0","0",15779,63498,"0","79277","-79277"
"94","E4403","E08000018","Rotherham","MD",651,25,"0","-306","70","-15182","0","1305","790",39875,10183,"999","860",24693,10183,"35156","37508",15182,34876,"0","50058","-50058"
"95","E1702","E06000045","Southampton UA","UA",53,0,"0","-971","0","13486","0","5013","0",68549,11316,"4042","0",82035,11316,"3000","2000",-13486,93351,"0","79865","-79865"
"96","E4204","E08000004","Oldham","MD",343,212,"0","-2004","-373","-455","-753","4519","1060",89262,14744,"2515","687",88807,13991,"18366","20162",455,102798,"753","104006","-103253"
"97","E2002","E06000010","Kingston upon Hull UA","UA",1235,0,"0","-5041","0","-632","0","5405","0",21473,7968,"364","0",20841,7968,"28416","58912",632,28809,"0","29441","-29441"
"98","E5016","E09000020","Kensington & Chelsea","L",0,0,"0","-2134","-1553","-41846","0","5176","13029",153066,10000,"3042","11476",111220,10000,"20927","19873",41846,121220,"0","163066","-163066"
"99","E0203","E06000056","Central Bedfordshire UA","UA",-263,0,"0","-2076","176","8845","78","11224","1785",41432,24501,"9148","1961",50277,24579,"23571","28770",-8845,74856,"-78","65933","-66011"
"100","E4401","E08000016","Barnsley","MD",0,0,"0","-698","0","14074","0","3582","0",103443,15000,"2884","0",117517,15000,"42294","41517",-14074,132517,"0","118443","-118443"
"102","E4208","E08000008","Tameside","MD",0,0,"0","-271","0","-27958","0","4477","3004",185516,17295,"4206","3004",157558,17295,"0","0",27958,174853,"0","202811","-202811"
"103","E4503","E08000022","North Tyneside","MD",-411,-33,"0","-1631","92","8950","200","4987","127",39661,6604,"3356","219",48611,6804,"5966","6083",-8950,55415,"-200","46265","-46465"
"104","E5044","E09000024","Merton","L",-282,0,"0","-426","-347","-635","0","8245","347",40758,12780,"7819","0",40123,12780,"0","0",635,52903,"0","53538","-53538"
"105","E5039","E09000015","Harrow","L",NA,0,"0","0","0","0","0","11703","1123",27321,10008,"11703","1123",27321,10008,"6894","7976",0,37329,"0","37329","-37329"
"108","E4301","E08000011","Knowsley","MD",0,0,"-1874","-636","160","-12983","0","5358","1423",38143,4984,"4722","1583",25160,4984,"0","0",12983,30144,"0","43127","-43127"
"109","E5040","E09000016","Havering","L",554,96,"0","132","415","3743","0","9791","700",53693,11766,"9923","1115",57436,11766,"2830","4612.2045399999843",-3743,69202,"0","65459","-65459"
"110","E2201","E06000035","The Medway Towns UA","UA",-207,167,"0","-2028.2680800000001","-88","-349","87.65453000000025","3209","779",12306,5008,"1180.7319199999999","691",11957,5095.65453,"3618","4912",349,17052.65453,"-87.6545300000007","17314","-17401.65453"
"111","E4501","E08000037","Gateshead","MD",0,0,"0","-268","202","1224","-2177","5473","2431",31343,16797,"5205","2633",32567,14620,"27359","33954",-1224,47187,"2177","48140","-45963"
"112","E1101","E06000026","Plymouth UA","UA",490,539,"0","0","114","4786","0","4382","0",21598,23741,"4382","114",26384,23741,"0","0",-4786,50125,"0","45339","-45339"
"114","E5034","E09000006","Bromley","L",435,0,"0","-403","395","14852","8657","2621","623",94340,24912,"2218","1018",109192,33569,"0","0",-14852,142761,"-8657","119252","-127909"
"115","E0501","E06000031","Peterborough UA","UA",127,-47,"0","153","0","1924","0","5406","428",32547,6000,"5559","428",34471,6000,"0","0",-1924,40471,"0","38547","-38547"
"117","E4702","E08000033","Calderdale","MD",-149,0,"0","-337","509","-8424","-2970","6065","2326",42515,9957,"5728","2835",34091,6987,"0","0",8424,41078,"2970","52472","-49502"
"118","E4202","E08000002","Bury","MD",410,-36,"0","-4448","-1008","2242","-844","-1862","2747",26321,8393,"-6310","1739",28563,7549,"3569","6538",-2242,36112,"844","34714","-33870"
"119","E0602","E06000007","Warrington UA","UA",0,0,"0","0","-28","-4761","-125","7680","931",37483,1402,"7680","903",32722,1277,"0","0",4761,33999,"125","38885","-38760"
"121","E4303","E08000013","St Helens","MD",0,0,"0","-361","-46","-14222","6423","9147","751",45964,14884,"8786","705",31742,21307,"0","0",14222,53049,"-6423","60848","-67271"
"122","E5048","E09000029","Sutton","L",208,0,"0","-1379","0","-6178","1656","5082","2211",30167,5168,"3703","2211",23989,6824,"1225","2498",6178,30813,"-1656","35335","-36991"
"124","E5047","E09000027","Richmond upon Thames","L",0,0,"0","0","0","-4233","0","2402","164",34459,9956,"2402","164",30226,9956,"0","0",4233,40182,"0","44415","-44415"
"125","E4605","E08000029","Solihull","MD",-219,-72.97946,"0","-272","-272","-2520","2022","11546","769",34302,16683,"11274","497",31782,18705,"11045","13154",2520,50487,"-2022","50985","-53007"
"128","E3201","E06000020","Telford and the Wrekin UA","UA",0,0,"0","-1332","343","7115","150","5120","258.82",57893.9355,4657,"3788","601.81999999999994",65008.9355,4807,"0","0",-7115,69815.9355,"-150","62550.9355","-62700.9355"
"129","E5032","E09000004","Bexley","L",0,0,"0","-1779","-1449","-3279","0","5667","2860",44250,16396,"3888","1411",40971,16396,"0","0",3279,57367,"0","60646","-60646"
"130","E5014","E09000013","Hammersmith & Fulham","L",0,0,"0","2300","-1263","12008","0","9029","4449",82985.7489,19006,"11329","3186",94993.7489,19006,"45453","51611",-12008,113999.7489,"0","101991.7489","-101991.7489"
"131","E4209","E08000009","Trafford","MD",0,0,"0","-119","0","12887","0","7450","0",32088,6000,"7331","0",44975,6000,"0","0",-12887,50975,"0","38088","-38088"
"132","E5022","E09000033","Westminster","L",NA,0,"0","1939","-2265.3203699999999","8397","10088","3701.981240000001","8554.41",136328.20074,48777,"5640.981240000001","6289.0896300000004",144725.20074,58865,"70480","54260.391769999987",-8397,203590.20074,"-10088","185105.20074","-195193.20074"
"134","E3901","E06000030","Swindon UA","UA",0,0,"0","1067","90","-6999","0","4976.6039099999998","881.73599999999999",41262,6000,"6043.6039099999998","971.73599999999999",34263,6000,"12458.296794099981","11440.296794099981",6999,40263,"0","47262","-47262"
"137","E0704","E06000004","Stockton-on-Tees UA","UA",0,0,"0","-562","-228","-8658","-843","5570","2631",70511,8468,"5008","2403",61853,7625,"0","0",8658,69478,"843","78979","-78136"
"138","E4504","E08000023","South Tyneside","MD",7,-1269,"0","-3126","-3","946","2521","4755","212",27189,871,"1629","209",28135,3392,"20441","21773",-946,31527,"-2521","28060","-30581"
"139","E2301","E06000008","Blackburn with Darwen UA","UA",0,-23,"0","-601","47","-2701","-134","6254","87",24814,6189,"5653","134",22113,6055,"0","0",2701,28168,"134","31003","-30869"
"140","E1701","E06000044","Portsmouth UA","UA",1415,99,"0","1474","-57","20057","1509","20376","3477",126765,15548,"21850","3420",146822,17057,"18609","25111",-20057,163879,"-1509","142313","-143822"
"141","E2701","E06000014","York UA","UA",112,217,"0","-1975","0","4125","621","4843","0",45353,7442,"2868","0",49478,8063,"38669","45449",-4125,57541,"-621","52795","-53416"
"142","E5043","E09000021","Kingston upon Thames","L",0,0,"0","-5573","0","-2835","3601","-486","189",26159,8018,"-6059","189",23324,11619,"5416","6184",2835,34943,"-3601","34177","-37778"
"143","E0104","E06000024","North Somerset UA","UA",802,31,"0","-1703","149","2210","960","2066","433",28743,7680,"363","582",30953,8640,"0","0",-2210,39593,"-960","36423","-37383"
"144","E2004","E06000013","North Lincolnshire UA","UA",-183,0,"0","-38","-419","3069","0","3440","2236",22201,6858,"3402","1817",25270,6858,"0","0",-3069,32128,"0","29059","-29059"
"146","E0302","E06000037","West Berkshire UA","UA",656,0,"0","-365","38","1254","-276","4071","290",8595,6345,"3706","328",9849,6069,"0","0",-1254,15918,"276","14940","-14664"
"147","E0101","E06000022","Bath & North East Somerset UA","UA",0,169,"0","-929","0","-1885","-183","2047","0",34256,12656,"1118","0",32371,12473,"0","0",1885,44844,"183","46912","-46729"
"148","E1801","E06000019","Herefordshire UA","UA",0,0,"0","1843","680","15118","-4433","9388","146",35540,7345,"11231","826",50658,2912,"0","0",-15118,53570,"4433","42885","-38452"
"149","E0702","E06000002","Middlesbrough UA","UA",0,0,"0","-605","0","415","688","5051","1416",20800,14465,"4446","1416",21215,15153,"0","0",-415,36368,"-688","35265","-35953"
"150","E0202","E06000055","Bedford UA","UA",323,47,"0","-1514","-120","2935","1818","3857","780",27931,12058,"2343","660",30866,13876,"0","0",-2935,44742,"-1818","39989","-41807"
"151","E2101","E06000046","Isle of Wight UA","UA",-219,0,"0","-825","-148","14948","-3621","1007","1053",48758,11553,"182","905",63706,7932,"0","0",-14948,71638,"3621","60311","-56690"
"154","E0306","E06000041","Wokingham UA","UA",-768,136,"0","-1910","0","6453","-911","4164","213",44092,10036,"2254","213",50545,9125,"4921","4056",-6453,59670,"911","54128","-53217"
"155","E0703","E06000003","Redcar & Cleveland UA","UA",-125,237,"0","180","493","-622","-320","3291","1918",21535,5225,"3471","2411",20913,4905,"0","0",622,25818,"320","26760","-26440"
"156","E1501","E06000033","Southend-on-Sea UA","UA",105,0,"0","-2079","468","-2904","0","6157","783",63231,11000,"4078","1251",60327,11000,"26332","31760",2904,71327,"0","74231","-74231"
"158","E0601","E06000006","Halton UA","UA",0,0,"0","-1060","-552","-1437","174","4774","914",36384,4830,"3714","362",34947,5004,"0","0",1437,39951,"-174","41214","-41388"
"159","E1202","E06000028","Bournemouth UA","UA",0,0,"0","-1603","363","-1464","112","-682","31",24373,8245,"-2285","394",22909,8357,"8302","11367",1464,31266,"-112","32618","-32730"
"161","E2302","E06000009","Blackpool UA","UA",231,0,"0","-1159","0","-682","868","3256","0",37501,3166,"2097","0",36819,4034,"6857","5870",682,40853,"-868","40667","-41535"
"165","E5010","E09000001","City of London","L",0,0,"0","-19","-42","15045","16434","250","945",39446,50259,"231","903",54491,66693,"8139","4468",-15045,121184,"-16434","89705","-106139"
"168","E1502","E06000034","Thurrock UA","UA",0,0,"0","-1039","-48","-404","3000","2581","425",810,8000,"1542","377",406,11000,"6766","7800",404,11406,"-3000","8810","-11810"
"169","E0304","E06000039","Slough UA","UA",0,0,"0","-966","0","-331","-91","2258","0",4896,8123,"1292","0",4565,8032,"23711","17838",331,12597,"91","13019","-12928"
"170","E0301","E06000036","Bracknell Forest UA","UA",-356,0,"0","-422","468","11527","-2024","1695","539",16861,11071,"1273","1007",28388,9047,"0","0",-11527,37435,"2024","27932","-25908"
"171","E2003","E06000012","North East Lincolnshire UA","UA",0,0,"0","-2810","85","-6472","0","5167","871",31086,8301,"2357","956",24614,8301,"0","0",6472,32915,"0","39387","-39387"
"174","E0305","E06000040","Windsor & Maidenhead UA","UA",312,0,"0","-682","-73","351","1818","1531","118",5726,5215,"849","45",6077,7033,"0","0",-351,13110,"-1818","10941","-12759"
"175","E1102","E06000027","Torbay UA","UA",-13,150,"0","-840","235","2671","0","1880","1174",19908,4622,"1040","1409",22579,4622,"0","0",-2671,27201,"0","24530","-24530"
"176","E1201","E06000029","Poole UA","UA",266,0,"0","-777","-66","-1032","0","2161","122",27295,6252,"1384","56",26263,6252,"579.96887000000061","579.77762000000075",1032,32515,"0","33547","-33547"
"177","E0701","E06000001","Hartlepool UA","UA",0,0,"0","-472","40","-8629.3689999999988","-109","2438.5338099999999","1366",37728.30647,4526,"1966.5338099999999","1406",29098.93747,4417,"537","536",8629.369,33515.93747,"109","42254.30647","-42145.30647"
"185","E1301","E06000005","Darlington UA","UA",-52,138,"0","-253","-38","-541","3426","961","511",15054,17337,"708","473",14513,20763,"15925","13884",541,35276,"-3426","32391","-35817"
"211","E2402","E06000017","Rutland UA","UA",17,-16,"0","141","-7","142","-659","820","414",4611,9635,"961","407",4753,8976,"0","0",-142,13729,"659","14246","-13587"
"406","E4001","E06000053","Isles of Scilly","UA",8,0,"0","93","15","-98","-197","359","21",2612,999,"452","36",2514,802,"0","0",98,3316,"197","3611","-3414"
"15","E2721","E10000022","North Yorkshire","SC",NA,NA,"…","…","…","…","…","…","…",NA,NA,"…","…",NA,NA,"…","…",NA,NA,"","",""
"145","E0303","E06000038","Reading UA","UA",NA,NA,"…","…","…","…","…","…","…",NA,NA,"…","…",NA,NA,"…","…",NA,NA,"","",""
